id,cd,emd
03001627/2842701d388dcd3d534fa06200d07790,0.0075539714,0.0017159468
03001627/6601d179e754149e2f710dc8afceb40e,0.009295938,0.0030810821
03001627/7d8e6b132c64d909b161f36d4e309050,0.014273003,0.0038584783
03001627/663b17baebd39695398b2b77aa0c22b,0.00962797,0.0022100308
03001627/25ad35439836dd7c8fc307d246c19849,0.014362035,0.004325618
03001627/6190eb8be0f39ad782e3bf439621ac4d,0.0111268135,0.0037677377
03001627/ddfe96c6ec86b8752cbb5ed9636a4451,0.006666071,0.0048213806
03001627/548ab6b6e8b2dc505ff61a3a2a0e2484,0.0143795125,0.0026428893
03001627/e3b625f979f3a32fb591e8fb800990fa,0.0077581806,0.0023263814
03001627/b3a9c49a1924f99815f855bb1d7c4f07,0.011261887,0.0032478059
03001627/bc92651fd7cd9ca8cf68feb7ddf815ce,0.0058319755,0.0013517942
03001627/4a63afd1da7fd633e6c5cd45aa112726,0.006191087,0.001472731
03001627/3372fd42f389a36a762ec387b772e9e1,0.0048618903,0.0011968763
03001627/b10798977605fd017a4de8972b988aa,0.011776674,0.0023688204
03001627/d2c93dac1e088b092561e050fe719ba,0.007761123,0.0027030583
03001627/f3e0042ea11660d0ff2c92c2a4f65876,0.0065192506,0.00369987
03001627/9aecd48a3af10deeee83c0324834f3fa,0.011874194,0.0023313868
03001627/4dc7fe6e98c4db21d79b19c7c4f0e293,0.009973951,0.0035060495
03001627/8e93fb99aaf17b9504ca5aa564aebd0,0.010142438,0.004081443
03001627/4344509d0442364d3f9d6e0ade5188b0,0.0076142317,0.0032394195
03001627/22ff2267856b5d369158e0f216b27548,0.008126701,0.0027687557
03001627/7121296a75c725aee8f8c11a24c52ebb,0.009729737,0.0028252325
03001627/ce2d77c8b0436db4f5d0dadcce96e179,0.011778276,0.0030853841
03001627/b9e9eb2d09981218d3c5964623f1547a,0.005381711,0.0011310937
03001627/4f42be4dd95e5e0c76e9713f57a5fcb6,0.006204064,0.0020768696
03001627/59fd3d1409c0ee2e47bc3701b998a7d5,0.013143966,0.003202385
03001627/3db18530ff6bbb50f130e9cdbbb1cf40,0.01071337,0.002652711
03001627/f030f5181057ddf75622d7484764b58f,0.010481555,0.0029417712
03001627/f31f8722de9008c8c5aaa7f1cfa788b7,0.01083428,0.0034632615
03001627/4fae9528f1403fd0f9702e673573a443,0.0105060525,0.0023219779
03001627/5f7615668d2a7b313b8d5c0ebdd194c8,0.00508462,0.0021098605
03001627/668b9f6517f2bf501e54ac67f0143e13,0.010001634,0.004735612
03001627/351705e42490c3506764a784715fb668,0.012393137,0.004202388
03001627/b8c678c49e40ee5307776da88d1350f,0.014781847,0.0024466952
03001627/2892ab19f2d3a88a3ee8e30b29f70dfc,0.008159293,0.0027895092
03001627/6730fb4ca7c90ddccd8b2a7439d99cc3,0.010042483,0.0025079087
03001627/6e50f19c52a760e3cc1159c3b443c932,0.0076951995,0.0029564188
03001627/68c7f82dd1e1634d9338458f802f5ad7,0.0056533096,0.002337902
03001627/d14d1da1e682a7cfaac8336231c53cd1,0.009246951,0.0030754341
03001627/bfbb19b74bb5973e14de2a9aaff52ac7,0.0072129187,0.0023789448
03001627/124ef426dfa0aa38ff6069724068a578,0.007982049,0.0019335834
03001627/c86cfe147872280463626070a93463cf,0.0064150947,0.001581407
03001627/c91eb95b40e4b6f8e83221ad0d21775,0.01220073,0.0034252277
03001627/4ea3d680127a9fe91360172b4b6205b1,0.013928229,0.0018281905
03001627/1878633a36518ffc19fb4103277a6b93,0.013920272,0.003730116
03001627/55b00797abf243c3cce5160f0c502ac3,0.010729279,0.0031577444
03001627/8ea007bffdc9a27831aee04639d1b4e0,0.006960225,0.0015697398
03001627/ca01fd0de2534323c594a0e804f37c1a,0.005973727,0.0015017281
03001627/682bbcd00c5287a39d365481aaba80e,0.008587959,0.0026539848
03001627/88842eadd96e5cab570b6bda9783c8ba,0.010144594,0.002746765
03001627/63e2d9ab50536799b2b9c1746713a87e,0.006489811,0.0021915534
03001627/8ac2d831ebeab4896b7c7aa09852a4e0,0.008199524,0.002500633
03001627/8c629a89e570c8776a9cd58b3a6e8ee5,0.007720678,0.0044139964
03001627/816d1c517ef6bf7890a9ce3e4b15521e,0.012349535,0.0024043387
03001627/65840c85162994d990de7d30a74bbb6b,0.0051373234,0.0026044305
03001627/9cd0529b7ce926017dbe6b236c44c533,0.006417049,0.003991775
03001627/da264a41dd8fdd655357c338ec9641,0.008156925,0.0029773477
03001627/e04ceec8711a6027a6e27bc066049db5,0.0063733575,0.0019249964
03001627/17e916fc863540ee3def89b32cef8e45,0.007086385,0.0018510883
03001627/4ae919ca418d3625d30ba6a673002f3e,0.0070718615,0.0016648216
03001627/2d1ebd7356968c0919fb4103277a6b93,0.010939002,0.002557005
03001627/3f5f14f6156261473b194e6e71487571,0.010253852,0.0048394613
03001627/3115864130f4e8188f56c17c21b5509b,0.0053540654,0.0018040998
03001627/908de4d82bfb422ec43a4855019be9b5,0.012075448,0.002592637
03001627/b0531a0d44fc22144224ee0743294f79,0.0073188413,0.004063245
03001627/d764960666572084b1ea4e06e88051f3,0.008141951,0.002696037
03001627/ff5a945aef7a68ffcf9ff3ee543c2925,0.012375204,0.003795131
03001627/52a96a3c89305673504721639e19f609,0.0076972693,0.0026794665
03001627/f4427ee23d4d51fabbf98dcec5f11066,0.009122334,0.0021171586
03001627/87991eba27985f3a417a8f1d2c94eaf6,0.00897576,0.004219812
03001627/a8f21e581e687c0fa329355bc8cbc0b5,0.0097624315,0.0035418435
03001627/ed6bc67f247a5aa3e43df8c9a38bf11b,0.009733601,0.0027686881
03001627/2016d09b261b09f05413c1f22a911d58,0.012767307,0.0031569272
03001627/6b32d3a9198f8b03d1dcc55e36186e4e,0.010170335,0.0036855692
03001627/7df2443e976658b7cdfc3ede082b8a07,0.015333096,0.0036027082
03001627/ee6f7e45be30b0a5b9b8611336bc3051,0.01246598,0.0037466811
03001627/edba8e42a3996f7cb1a9ec000a076431,0.0078885425,0.0026724567
03001627/4d6107c32c75ad6b9f4b4145f6688869,0.005934508,0.0012396377
03001627/e9df7789d02eb998c8687ff9b0b4e4ac,0.006834631,0.0020296364
03001627/c0739ef0c29f005ef1f5e7b74609d54c,0.012549851,0.0043550194
03001627/3186f9dd5179358b79368d1198f406e7,0.008950832,0.003707951
03001627/947dfd74fc8b2e60643b321651a8f917,0.0071644494,0.0011645263
03001627/842130b6eaaef7a4932471681ea5bcf2,0.008053274,0.0015942411
03001627/a3cb39c5271c3232feec1f13d2353f3,0.0101295225,0.0025259552
03001627/8e76d0002b592ef91663a74ccd2338,0.0072018434,0.0015965888
03001627/5539a4a9f2f1b45f3eec26c23f5bc80b,0.0059824064,0.0017394611
03001627/e0c76c1c82f12df4c1e1aceb66eee9be,0.0070949974,0.002391819
03001627/dddbd223b3bbfa8efd93c2ac42357c74,0.0065254313,0.0014793371
03001627/7f8d63acb7b4b5e84d2f52566c6c4e9,0.006884883,0.0029546537
03001627/e34658debcd1644dc8687ff9b0b4e4ac,0.006054353,0.0013357447
03001627/ff167d9f25fb6ede2419ec0765e66c90,0.007655577,0.0032157605
03001627/b0b75045d06201f9329df33f4ef71f97,0.008423744,0.0020875768
03001627/ff14d078e2f0f8c65242f8291aafac22,0.009330098,0.002543135
03001627/d01321ae63ae0b40ad1f278e1513f3b7,0.008488801,0.001783326
03001627/c0fa1417c0cf2f20593ebeeedbff73b,0.009211678,0.0034395987
03001627/e2acc4d276fda3d77d70172a29ade99a,0.0070678145,0.002064103
03001627/6d78523e939aedd482e23b5f9fd46e1e,0.016211294,0.003193583
03001627/a1e6226c3a23ec808a653a9f65a410f6,0.010739108,0.003413578
03001627/2a1124c7deb11176af42602f1636bd9,0.00863887,0.005160601
03001627/e8ef93ed45300501bfddc5b20c9212b4,0.009452833,0.0033628095
03001627/96b4422833f806cecb092644051ec279,0.0098315235,0.0025987916
03001627/38d623b46d07a93fb7d9d23574a480ae,0.0074230237,0.0043327194
03001627/1e53d84e48bb7d25febad4f49b26ec52,0.011944241,0.0023384357
03001627/d9061907b7b411dbe3db80a3cacc6e3,0.011708515,0.0026703158
03001627/4171071eb30dcb412dd4967de4160123,0.011701731,0.004925387
03001627/b7073426bf9332187c564a6b9ce2156f,0.0062705595,0.0017175801
03001627/610b1621d1997ee1daf3c002be658861,0.01085821,0.004293109
03001627/a439465d2bd623a14cb9f394cda169eb,0.008570277,0.0035991087
03001627/17f9eb6c0d818d45d7b20fded0142d7a,0.012481466,0.0035866997
03001627/8b886cf32f340c89a9e00c019d029152,0.008547521,0.0023004652
03001627/1825f6f71e68da9da36af77e45b32071,0.00801369,0.0022035653
03001627/94b39e206f1bd77c69e31bb722067900,0.013262706,0.0028761507
03001627/483d22dbbee32ee54e5c7d89bdfc49a3,0.009583963,0.0024193756
03001627/7d1a9d6a3297ab853e02e5116c35dcd3,0.007896513,0.0029269736
03001627/11506b96d41f7d3dd7c4a943f33e0384,0.006545814,0.0011595123
03001627/67bee683e394395d84ea893d074ffaa1,0.008089971,0.0026739764
03001627/3919e93cc1f3bf5bd7f7a4c4609b0913,0.00736526,0.0039159884
03001627/24cd35785c38c6ccbdf89940ba47dea,0.017630287,0.0026970895
03001627/52b667b2014bdf0482db9fca4b68095,0.010743745,0.0026308086
03001627/c2220851bf50eda931ecc34700496180,0.007320245,0.0035497672
03001627/48fe63616e70f84778ae896933c670d1,0.009576108,0.0029705702
03001627/faef9e4cff5fa61987be36ce60737655,0.0065310737,0.0025269722
03001627/6cc65de3b510406ba0c5548d84070f68,0.009388595,0.0029168485
03001627/3de9797fbf88fc35d97fd0ea4791ae93,0.01008991,0.004079114
03001627/730fc3ae87640d952c528d33bca1ac2,0.0070602223,0.0036214294
03001627/933902ec014c6d487135fc51795b4038,0.01524009,0.0023647398
03001627/74500999671b4c99d7bf6fb68df7f786,0.0060788332,0.0023532673
03001627/27c00ec2b6ec279958e80128fd34c2b1,0.0072571603,0.002620538
03001627/4c3f655507cc6aecdbe9c90af547c85d,0.015542617,0.0022880302
03001627/bbcdf9d0ecf02e7e9fce07ae6c046b8c,0.0073516304,0.0025414352
03001627/c394dfc3c8573d1b19fb4103277a6b93,0.009767409,0.0022012682
03001627/8920c0e0737409e29f2349486c570dd4,0.009751176,0.003745781
03001627/6aeaf646d526b41025a1c5ed6eeac95c,0.006897972,0.0029944181
03001627/1d1b37ce6d72d7855096c0dd2594842a,0.009488001,0.0036338028
03001627/62c3b6eea96337609ae676623bdd3284,0.0075106677,0.004960976
03001627/30378faa6bf5b245fdef1c01cbd4ae0c,0.009390097,0.0029288398
03001627/fb9f11f128e006d2498725b9a1405ebb,0.0077509773,0.00337353
03001627/49918114029ce6a63db5e7f805103dd,0.00540853,0.0019350832
03001627/d417795442cb0f75593ebeeedbff73b,0.0126908505,0.0033476194
03001627/9bda786a525b1ef93a11565e5be9cf53,0.009264475,0.0029819002
03001627/b6ff694af011b45f4f52551bb6d0494,0.009922961,0.003636447
03001627/a5a2d09e5384237869513d0907f19c8f,0.008209061,0.003269599
03001627/99ae1b3f970c61fd5b56aadec5c0be6b,0.006353985,0.0014041001
03001627/7182f94bdd17c0ecd6bbf317cb591f56,0.0074939495,0.0025678065
03001627/2c40da664d4e736b972d35c68e1bdca3,0.0074897935,0.0037947712
03001627/91b8fe4616208bd4cf752e9bed38184f,0.0053133573,0.0016619214
03001627/879ffa2150c4537d6afcce3b00733da,0.008333484,0.0034943821
03001627/d9af882ab6d1cbbd492d9da2668ec34c,0.010574543,0.0036507184
03001627/e0276adea0d4f4bf1783a44a88d6274,0.008327438,0.0026574368
03001627/8f0deb6b599006a22cc460e9d064e57d,0.011632746,0.0022993
04379243/2908340693e3dbbd8608f23147a4e121,0.0045218216,0.0013549079
04379243/3bcd7dc964487b1ae6c5cd45aa112726,0.005322894,0.002507692
04379243/388ea3f8ba27da8b777b6246417c94ff,0.01295873,0.0023833143
04379243/d5ca71b9b9ca6e5041b73991ca70550f,0.0092638405,0.0036655325
04379243/8cecee14e55bf1f4c255a5f53b753fe4,0.01292349,0.0019791822
04379243/b6ad7be371729438dcfcef693e7ec696,0.0072091417,0.003021944
04379243/654d6b82543a863c3bd24f986301745,0.0054816864,0.003035121
04379243/562288b15bd065d4b29ac64be50e118a,0.0044803075,0.002269834
04379243/6e029f7d5901aa2e2e4e89f168578552,0.0064501613,0.00385314
04379243/1011e1c9812b84d2a9ed7bb5b55809f8,0.006029575,0.0028093643
04379243/cd01fd75885d9f606ce1f91756352daf,0.004369617,0.0021588346
04379243/6292216ef69f6edb11c5cce13f76151,0.0060811206,0.0037879294
04379243/3c9a23693b76e2f8acb16624e184454c,0.017037172,0.0037116178
04379243/8c3e8ef43fdacf68230ea05136ea3925,0.005710047,0.0026808805
04379243/8768002c872788b8e513931a191fd77c,0.0056450786,0.0022600484
04379243/603e2237e14611f9d4091fbf7990ddf0,0.0060450975,0.0020105476
04379243/79a3bd60b48584b11ea954af295a6a98,0.00596812,0.002757385
04379243/8be1ff29a5088b482822b5101b06e070,0.008318804,0.0027594985
04379243/6dedce56f7f60da423f7198a00163bb6,0.0057139117,0.002422885
04379243/b28f6acc151cc20e19fb4103277a6b93,0.0067235483,0.0025896865
04379243/58f8fd169c9578e62f81cb887dc35578,0.009839082,0.0023365049
04379243/cc5b638d81529dde3c2e50348f23d3d,0.007315812,0.004550298
04379243/496b37559f4ac973b9fd3978c6bb311c,0.008968605,0.005527293
04379243/ec4675f62f6946118cbb8bac2032149c,0.005555759,0.0033736432
04379243/9c1b0058dfe027cbf519adc9991b5f11,0.004963615,0.0011856066
04379243/f27a1f3db59556cba0ab1d82ef09f78f,0.013841204,0.0026781044
04379243/c91c78e14fccbab316a2b5862518c93,0.008952473,0.0034842868
04379243/ce803beb471c728a4f5f1d630285ffb,0.008920449,0.0030519534
04379243/4e48be33083b8c70d810b14a81e12eca,0.009973964,0.0025743984
04379243/184c944daf00dc9919fb4103277a6b93,0.006246454,0.0016608381
04379243/d31b0d2a41051f2c7b79156a61ad4c01,0.00523837,0.0019381809
04379243/7988c8f23dc634678de5f815e8387cfc,0.007254013,0.004969988
04379243/79d0985603f7ff3be6c5cd45aa112726,0.006023555,0.0019946175
04379243/7affe342bb9be16d5936c7265c890fef,0.0047837617,0.0034412434
04379243/6b2edba33e92b96998fc1d0403f6ad0,0.004915772,0.0020021377
04379243/80ef50d3e67bfa8783ca982ecb7c4900,0.0039784927,0.00131936
04379243/fb2191ec35ad66da30bbd4cddd04c77b,0.0064479993,0.003398034
04379243/4b2119939de4f6e892cc1f9d231c0f76,0.008848563,0.0018546382
04379243/fed87d16ece9ac0ad42ec7e303174a87,0.004381246,0.0021027168
04379243/664c6792448950dec19dc7c5f46bbf55,0.00947503,0.0026722061
04379243/40a7ed7ce8ba70fa4ddda47ee90d6a21,0.004239483,0.0017204501
04379243/21009983c23be33dde39a695c03bae3a,0.0063355803,0.0032937354
04379243/dd63ad97240a5744a022be8e8ae85897,0.008057361,0.0035082905
04379243/608af07bd357d605f155d75bbf62b80,0.008403532,0.003566895
04379243/c5d499a443ef70906b882130fa92c175,0.009652011,0.004333868
04379243/49e0fb5a2318e4c1b0a15036380e635e,0.010191639,0.002999295
04379243/ad61a5bc7cba29b88cc413950b617e8f,0.009682928,0.002171328
04379243/6d0ef6312f8af87a53e946fb2184f0c4,0.006784358,0.0024595193
04379243/1bab21890e560d54d5cb6d178687b980,0.007523942,0.0028532476
04379243/df63a11436240ec7fb906a2c84fd375f,0.005934774,0.0024617256
04379243/1bc326fc94e0cfc1cf5a37a70014c623,0.00576328,0.002527606
04379243/8b835170d8123a1dcf004563556ddb36,0.0052426485,0.0030519746
04379243/dcda90e411cb4e35506d1e1cc84da713,0.0076477146,0.0039105257
04379243/30a525c7bd5ee80192b396ed960b67ad,0.009700598,0.0023307698
04379243/a465210c23b0136d7afee304cce81d6f,0.009798308,0.003576844
04379243/bb9304218d9741489ccce4c6d5bb195f,0.0065278937,0.0028903096
04379243/dcca76b81c747e76a65e19246f8119cb,0.0052405526,0.0016513562
04379243/687c7be604090bf89cd431573238602d,0.0040983083,0.0021928933
04379243/b00d6677641be37dbeedb4c8fd29e2d1,0.0049431864,0.0033502004
04379243/933096cbd0f7ef0aa73562d75299fcd8,0.006381832,0.0024517095
04379243/a06fa6a604ddc974ccd77b10347fd7d3,0.0076368065,0.0033289613
04379243/15c833aeea88fb19f428c5b66db689e3,0.01797282,0.0031713273
04379243/8343d98e3710f5bee1b32bbe69d5bc15,0.0115224,0.0056410846
04379243/974cc395f9684d47c955e5ed03ef3a2f,0.0043382673,0.0030558873
04379243/d58af24ca497ba8c4b3c42e318f3affc,0.0053100083,0.0017820946
04379243/5b5095b6d5612d298877c667ba5c2021,0.011458062,0.0022111682
04379243/2aa624d7f91a5c16193d9e76bb15876,0.010026764,0.0031675796
04379243/9fd065502f87d1f4c2cd59b38b35eb54,0.0042419382,0.0024583833
04379243/8af2d1420ac255be490ad276cd2af3a4,0.005547031,0.0032260288
04379243/a6ffc5d46a146796ac4c0903ae810430,0.0053974125,0.002955858
04379243/668deaeb91295739664b3b9b23ddfcbc,0.0053201355,0.003466579
04379243/6fa2751d57a4ee44490ad276cd2af3a4,0.009287936,0.0026635292
04379243/7cd2c11133d7470db9278b13f52df097,0.00891834,0.0034319696
04379243/1dc7f7d076afd0ccf11c3739edd52fa3,0.008202703,0.0018408577
04379243/161b5260bcc6f8fc9befe610bb4b9f25,0.0060928743,0.0024869153
04379243/7e1c4bdfbf19aa22d3cf0d40743efc0b,0.0076002353,0.0025980459
04379243/36a14a47b91d7c42f51f77a6d7299806,0.0049240766,0.0029872109
04379243/ffe4383cff6d000a3628187d1bb97b92,0.008411907,0.0042555914
04379243/f46f68598988b922eede8c01bbe6592b,0.0037859215,0.0014709965
04379243/16ecdb0dcbd419ce30bbd4cddd04c77b,0.008430782,0.003424003
04379243/894e095c7036c8411933ffef19678834,0.011639642,0.001937013
04379243/6913ad01e9b00c4ca6c03a53cf0a14c9,0.008603217,0.0037261213
04379243/45f04dd3dfbc4926d42ec7e303174a87,0.0061930986,0.0017848262
04379243/178eced0bff71d3653e946fb2184f0c4,0.008528441,0.0023858089
04379243/f090d4f5e82b3c25f63a1cc836eff7a,0.0053772535,0.0019227053
04379243/7a488c92c601f83c821340ef6a9a830d,0.0042129494,0.0020596466
04379243/dd0c4018a8b310edafaeb6535dda1ed,0.005057458,0.0028215635
04379243/2b1747c389f4d4f1ebadcdfba7971b71,0.007113417,0.0016378055
04379243/151c68b48a1359c58566c6c3bc94c70c,0.0056467867,0.0019713428
04379243/5d90c1e74acbae27475bcdf5ead5bfb9,0.008716614,0.0028010039
04379243/1c8121e1ad6cd6fc7a480f3f1d55ed3f,0.010570173,0.0018116945
04379243/76206b183e39910a1c6b880f91673ae8,0.006362469,0.0035883484
04379243/27a90972dfe64be5c3bd24f986301745,0.008127475,0.0036093337
04379243/7b22287c9a2ad418b9deee229eae6efa,0.0077033965,0.0034358117
04379243/43906b48471bc76e7571d17c374fac42,0.008072193,0.0030765238
04379243/aabcb5d610e76ff19ca02c396af0c503,0.010257619,0.002136659
04379243/211d17b0424b10c539d3717288022c20,0.006506116,0.0035831726
04379243/f27eba536ca8d428eb1f243bab39fb29,0.0049025835,0.0021685082
04379243/9eba16c76875225a2d69ef58c7c1b72c,0.014179274,0.003781284
04379243/5bcb0976657fe6df37b2bb75885cfc44,0.004740471,0.0025784627
04379243/8f841c9a11ad77a6794a9f593d938882,0.017016936,0.0025859561
04379243/7dea0c96340d5b9455f46d55537192b6,0.005376802,0.0035406856
04379243/14ba2a965791a003b37e6e0c89177ef9,0.0068823844,0.0025103795
04379243/a224010a537bc683104e417f71823787,0.010578488,0.0017766539
04379243/495db04c204196ec47c638c0eee4a2b3,0.012751623,0.00473423
04379243/fb59360b5cfb54ac6f74453f2a3da519,0.009168652,0.0038071175
04379243/16d5d43e2e90be359bac1502ed0eb150,0.004492404,0.0018326219
04379243/743d8382aa44117e593ebeeedbff73b,0.0056062457,0.0024855258
04379243/8a98eb9c64d878dd419786e9c37fabbe,0.009056749,0.0047601857
04379243/cc05a1835e7edda1c02daa819b61338,0.0064447643,0.0014604782
04379243/b977915b93e87cbdd724c69102d5ef2,0.0059675626,0.0030761359
04379243/51b4537837adf046fec95a1eac04b338,0.0051295958,0.0013957405
04379243/146ecd9d7712eb81e6c5cd45aa112726,0.007168116,0.0015255662
04379243/6ace903899706a5819fb4103277a6b93,0.013229313,0.0041811443
04379243/6358336cbeedb9232d9fe390e23fd20f,0.005036275,0.0035075243
04379243/44f0353cdb820886be25fbd47cafc694,0.0069689346,0.003119734
04379243/153d0c95cd2981a46a76e23e6f966dea,0.007778854,0.00560839
04379243/88676c2f87a5b54c4500047017815f5f,0.006940758,0.0035638895
04379243/459f1e82f058fbd0ca42ad68b92de4c8,0.016245104,0.0034655037
04379243/5a3789ede7e60884e35c5921850b7bf,0.0056795874,0.0035771509
04379243/1d06d1bc8f10c45ab1732c7d45a02ba0,0.0052784677,0.0016331961
04379243/ddb20a7778038d87f51f77a6d7299806,0.01063577,0.0033625762
04379243/44360c91a7e91098d93768e7b9b1eabf,0.0073025553,0.0042457297
04379243/fad62f2339aefa8f9d86e5f05f1da2b7,0.008240405,0.0040362356
04379243/700f59abde33ee3ec2d043ecbc42284c,0.006970181,0.002575037
04379243/6f87c833355679ef36b0f2a1430e993a,0.005146331,0.0021242588
04379243/61aea77ab9adadfb3eeddbccbf885e99,0.012313513,0.0030582184
04379243/2444551d00693a0fab610b0c94236463,0.00973716,0.0035650062
04379243/8654b644c766dd23d1dcc55e36186e4e,0.0048646247,0.002822642
04379243/a12a759155f4d0ed7eaa96064512efab,0.010316566,0.0048117638
04379243/8862cddf90fddb3119fb4103277a6b93,0.0051603094,0.002575876
04379243/a00b79f779bbf4d7bdfce662c3df88af,0.004399838,0.0021486338
04379243/82e5309809e455d5f15fed2243deb166,0.0072744233,0.0029078654
04379243/9a5cb4122d518111b339f790b1757e92,0.0068281433,0.0021909636
04379243/41d9b3064aca3c74e7d71bdc5700ff8b,0.005599662,0.002309063
04379243/3ac426922252c21a855931d119219022,0.005042391,0.0023630077
04379243/5b0ca203bc4021a2cf9ca735ff10053c,0.011574331,0.003076621
04379243/76de9805c6e208e6b2644d7d4d7ea2c7,0.004571558,0.0018748387
04379243/913d774c845a0d7edc889d1ef9591d24,0.010537933,0.0020211407
04379243/a757f06addc26f314b3c42e318f3affc,0.005700535,0.0024279389
04379243/ce96139ae5a4dbfa55f46d55537192b6,0.0074051768,0.0029546719
04379243/17e773bf0007544ce76bc197b3a3ffc0,0.0049284454,0.002850338
04379243/5bbc7d606ddd5d17e492aefec5dc15c7,0.0052781827,0.0047379863
04379243/bf2a153556edcdc96325dd85752d9221,0.004124162,0.0020299726
04379243/30e0f3d959b16c64473f10e6caaeca56,0.00825728,0.004741066
04379243/945565e4684886ea9db6feaa7eb1b013,0.0066929935,0.002116833
04379243/6f92486fa7a1aea221ab9b8a0e862145,0.005124621,0.001736017
04379243/8653180e64d70a47b3cf15c77de45986,0.0073328996,0.0030020478
04379243/a223fb0172d705fc3234880d6f34f7eb,0.006507031,0.0028123702
04379243/8c89f56df87eab907e5207b5eb59c49c,0.005042816,0.0016270494
04256520/5f5150a80e5be6159141f9b58470d646,0.0069405017,0.0028533482
04256520/d255253a4af43b4d4cb1d8db6be39c65,0.0063213278,0.002500627
04256520/80e34c832c4881c1c1acd07b40d583e7,0.011098435,0.00287015
04256520/2fc5cf498b0fa6de1525e8c8552c3a9c,0.010053419,0.0018537244
04256520/a996982326ffe668593ebeeedbff73b,0.009179562,0.0030302517
04256520/360c1058f401dd27fbc060fd555478,0.0107498225,0.0029378948
04256520/7525a8d905a7aef4b3c42e318f3affc,0.0110031385,0.0028803984
04256520/e9e54de1814ccae5bbb6a513934583ce,0.011838984,0.0011445901
04256520/fc7b96235eef479075becd8a4c3f1866,0.009638017,0.0015522976
04256520/241bf145fb2d14e67ec0186a79b9da3b,0.009901383,0.0027303817
04256520/98e474a6bbaef456febad4f49b26ec52,0.010925312,0.0023736937
04256520/4e05ca172c988b72dc1f6c4cdb4bb9b3,0.009494074,0.0027675412
04256520/69f6a6087f0da861af8fee88d245152b,0.008174381,0.0022305483
04256520/79bea3f7c72e0aae490ad276cd2af3a4,0.011029365,0.0027082043
04256520/a4fd0a514cabe8c34fb315ce917a9ec2,0.014361693,0.0029122196
04256520/978dcc1e9c3f9a3f92a31ec18c4e190a,0.011431554,0.002691684
04256520/336ac1316e0d5cb7e6fe3612af521500,0.011471488,0.0014593655
04256520/f2fbd71be2c50fd89fb1d3c5138b2800,0.009607751,0.0018153305
04256520/2ee577ae974272dc9faa444e7f5fd692,0.01639815,0.0016072732
04256520/31256698e33ac007dc149927e19d9b07,0.0073268134,0.0018274161
04256520/ff5aa5eb5ed4041c1ef9727a7f361b49,0.011952093,0.0024719767
04256520/9e63faa55910e20714038d588fd1342f,0.0100798,0.0026981405
04256520/bb4441db7c68a4cec7c8ce3bef5c2aa9,0.010282019,0.002224659
04256520/b543411f1fce1f30e6fe3612af521500,0.008453075,0.0019331765
04256520/e51d445efd61b1e4e1296b473bec7902,0.008069875,0.0031324397
04256520/5d2c7b6f863379f1788963ea499c61d,0.011644261,0.0035077927
04256520/f990194a8401d8de68c2f5eb1dd4dfaa,0.008183746,0.0028647603
04256520/7ddd55ed6481457d4211cc92ec35b195,0.014093919,0.0022035402
04256520/aa7489c9c7cd0c1dc3a1be62b60323a7,0.015094539,0.0036663436
04256520/430d315cdf5b3ca7963845a6a5eacb6c,0.014671252,0.003938612
04256520/bfc0c2ab5bcaa2df9442d81743a735a1,0.00946242,0.0023560342
04256520/253ca4f655355b6f8bc1f8036e08e44,0.014646126,0.0031890527
04256520/12cae0fa5180fce64b7366b9d17acf07,0.014061381,0.0019064811
04256520/642883f79c9131d842c47c8032438a1,0.011690052,0.005488289
04256520/23780fffcd205ae9f1ce854e012143bd,0.010319093,0.0026588927
04256520/33eb5d4c6ebbd6b1327289c00b6dc9ca,0.009593219,0.0016421957
04256520/d6f81af7b34e8da814038d588fd1342f,0.010190094,0.0027657114
04256520/3420ef8b6b20595e1b7dbdf53d301715,0.012259289,0.001608459
04256520/5b7b8b094a52794675543092060e57fe,0.010760839,0.004356346
04256520/8d91786e13808f73e4248277d408e4b7,0.010113604,0.002709226
04256520/d9bb77735ff0963ae7e684d25d4dcaf0,0.010087594,0.004882934
04256520/fee915afe193518dc036a40816608369,0.009530377,0.0032648796
04256520/99d036d409c1fc366f12b402757e5b72,0.0076216073,0.0019324064
04256520/3f79bfdf49c2b654c397356311cbeea4,0.010132103,0.002219174
04256520/4e37752b33506d0313dd6eafe1477be1,0.010106856,0.0020811295
04256520/9e0feaee4da30fe7fa038765e58dd68,0.009171268,0.0027520612
04256520/ce863933e9e5193322d11432250c3331,0.00920143,0.0025477412
04256520/b526808fe0903b4484e132150e6e3ece,0.01084967,0.002541074
04256520/6051f687d35c6ba577dfa90ae0b0a3ed,0.009934218,0.0019991407
04256520/d21b63623023b40a593ebeeedbff73b,0.00917344,0.002491498
04256520/4da74e02ba23a7e98ec703e791db2af5,0.010086255,0.0018398796
04256520/f736f06f8fd04e1119fb4103277a6b93,0.009326577,0.0030394704
04256520/d562328792a3314519fb4103277a6b93,0.024530504,0.004394281
04256520/c3e86ca4f6ca077459d0a47cd36512,0.015142157,0.0027623905
04256520/47ad0af4207beedb296baeb5500afa1a,0.009303996,0.0018880208
04256520/e03c28dbfe1f2d9638bb8355830240f9,0.010462809,0.0034597924
04256520/d053e745b565fa391c1b3b2ed8d13bf8,0.010111909,0.0025628083
04256520/2b69e899da0c15cfb40f0ac0fb9a650d,0.009605079,0.0038543453
04256520/52f6fbe3a36a4d1f19fb4103277a6b93,0.011013057,0.0023826193
04256520/2835a9015c20d891261770c74651d29a,0.010264244,0.0023664148
04256520/a1a4f5670251b8314b35a7d7cea7130,0.010523106,0.0025718599
04256520/3ffc1c26db51a3ac948a3bd895ea5ecb,0.008662432,0.0028363205
04256520/fc24d012f6b12036aa1f8e0da2ec8814,0.008141018,0.0013831471
04256520/6f6a4f12041ce6d2593ebeeedbff73b,0.00687581,0.0017774423
04256520/4f2c9a0709eb8cb9202316dd49948ea2,0.010522751,0.002521101
04256520/770b9528c04f99d5a3bafec3b56382db,0.010057181,0.0023673617
04256520/2f87e4958b3c1d80b5da5256e41fa569,0.0073485794,0.0014467423
04256520/1f75847dbddcd34afac76e6fcbdc3631,0.006337191,0.0016912887
04256520/8b8152865839a79719fb4103277a6b93,0.006234618,0.0043639513
04256520/f8d7dc3e169cd91d593ebeeedbff73b,0.0066467607,0.002306692
04256520/3aba6ceca44f747b29a72cc7a32af9e5,0.008192046,0.0027435028
04256520/1d9a26feeba782e3f91663a74ccd2338,0.0136402175,0.0043398696
04256520/ab1435d685c06277409421506a05b6e1,0.009942757,0.0030432453
04256520/6c9f559b0adfbd6985d87e0aa09f3117,0.009842681,0.001749875
04256520/c1ccf7d15c32b156cc2af5791bd669b8,0.0116975615,0.007873869
04256520/53c81bd4b93b14491e6d59363e6e833,0.011720076,0.0027462342
04256520/ab350e81ff71034434895070e6a9b93,0.009083331,0.0027049417
04256520/3230b6c7f396afff19fb4103277a6b93,0.008870203,0.002772438
04256520/7104877ee2b4f68516cfe1233e767967,0.00904192,0.0039625606
04256520/c0228ff42e79e272db039d8689a74349,0.009713026,0.0016260644
04256520/7875815356fb41f3d772e458a8f80cd2,0.01297471,0.01866837
04256520/ac5a9b215a7d5be123448769dbb64afa,0.01066375,0.0027553006
04256520/cd1086902b5eb749f51f77a6d7299806,0.013201724,0.0034920697
04256520/3f8f1d7023ae4a1c73ffdca541f4749c,0.011270331,0.0029076843
04256520/e5f51c7ccf8ec35d2f134420f7b0d7e6,0.010457011,0.0050543738
04256520/9bcad07a9c2e8e13490ad276cd2af3a4,0.008680055,0.0028633398
04256520/e0fd6cc8f2e62ed6d1151897037aebc,0.012709926,0.002725045
04256520/7e728818848f191bee7d178666aae23d,0.0093357675,0.0029923809
04256520/7ae657b39aa2be68ccd1bcd57588acf8,0.009970041,0.0023892194
04256520/f080807207cc4859b2403dba7fd079eb,0.011844421,0.008448167
04256520/acf458d2b16dd918ef188758bf2e3a30,0.009857161,0.0025287692
04256520/82b6391291239d90febad4f49b26ec52,0.009254748,0.0017494546
04256520/81d5e6d8bef76a51ba6c2a353e21dbe8,0.0060972646,0.0015775801
04256520/f0a02b63e1c84a3fbf7df791578d3fb5,0.010243489,0.002580316
04256520/9ec7016d6978216c94fadb3555028734,0.009724706,0.0030447089
04256520/fbcaa3c4d17b8b7c9b0790357cd0493,0.006136827,0.0014243526
04256520/5cf46a99a9dfdc07411e8b42940aba04,0.009553769,0.002558
04256520/6a6228e06f53e31b63c49003cfba744b,0.01113694,0.003193676
04256520/52dd0fac460adb45e2879d5d9f05633,0.0075292625,0.002433643
04256520/2a07656f030d682536c2acd70c777ff0,0.010423519,0.0016335591
04256520/7d4d8e65979c28c1f8d4231017d95f74,0.012005087,0.0017351025
04256520/47fbf101a830769fd1dcc55e36186e4e,0.011047439,0.0029929609
04256520/99175131585f4cfded403132b02528bd,0.010418698,0.0026185291
04256520/2bf095743bd8f21f6f37a8be59c15bbb,0.010579828,0.00279809
04256520/5ff07557bb0a3a30dbbc9440457e303e,0.0076321936,0.0017899139
04256520/3f5fdc05fc572730490ad276cd2af3a4,0.011766699,0.0024740489
04256520/766d94bac9ae085455f9a00acc25f137,0.009679765,0.0032551987
04256520/fcff900ce37820983f7e27638e63d848,0.015124527,0.0026872547
04256520/8981c0ffae1af00a50fc88ed745bdb67,0.010966946,0.002686718
04256520/c2d78f31b197e0bce2d881f085d6d86d,0.01034621,0.0041697156
04256520/c6fbb991bf184331847d00e95a10eacc,0.010029783,0.002199178
04256520/9ea95280cf81f9c5c151419181ef256,0.008482592,0.00318195
04256520/62d40988172e8c685ff61a3a2a0e2484,0.008917572,0.0043796278
04256520/336fc8a43b3120932c48d6b905457dcf,0.007675307,0.0024742933
04256520/5a94cc0c277f391df9aec59741c69cf7,0.01305883,0.0020841232
04256520/4e664dae1bafe49f19fb4103277a6b93,0.012179051,0.002596171
04256520/c602f932c692ba2714038d588fd1342f,0.012342658,0.013292435
04256520/2bec1d8c0e8a1b3b7b98092cf509b83,0.010158064,0.0033731307
04256520/dcba7668017df61ef51f77a6d7299806,0.010018561,0.0036732913
04256520/92720933afa1dfdcb5c1550bc8448972,0.008730511,0.0021753672
04256520/ead2f0ef7103c963fc1f58a995f231d1,0.009092772,0.003285306
04256520/14bf301e9548eb788430c9c8b2cd5ae6,0.009849167,0.0026655074
04256520/8aa7651cbe3651d64af957103f4767ac,0.010150962,0.0040736543
04256520/b55c43cbec762a54eaf14273fa406ffc,0.008807082,0.0028465465
04256520/7e1321155d43dc8bfff16555386d173d,0.0087206615,0.0019078098
04256520/2b64dbb623899dec7bdbd1926dd38bdb,0.011201603,0.002529677
04256520/d2964213849329b494887ea54f3cfb87,0.010392964,0.002817929
04256520/f9f8f089be14d5b672b33dfe598bdd77,0.009633209,0.002353188
04256520/4c92e530e76f4ee3febad4f49b26ec52,0.010667022,0.0044674496
04256520/f567137b74a175c6f49a23658fe5597c,0.00881772,0.0033321744
04256520/9f5b090a3697b05f8f9cd2ac878055af,0.011685634,0.0018542004
04256520/2a9da31660f0c0b73505e48e4fe20c28,0.010611948,0.0018663999
04256520/b15fb2ddfff73f502cf0d9a4f66100ac,0.019058023,0.0023299062
04256520/89b66c5a15e9c00b9b43c20267c98bff,0.011451524,0.0032623983
04256520/dd6f44f5b788d5963d6d3c2fb78160fd,0.012528506,0.0034722672
04256520/224ccf9ba2b786d953353c404519f02f,0.010576326,0.0022552884
04256520/9aef63feacf65dd9cc3e9831f31c9164,0.014564159,0.0029166432
04256520/218a7b0cfc87312925a3aaf903a41c90,0.011379551,0.00483586
04256520/c7f31b9900a1a7644785ad2feb797e,0.009478219,0.0015053005
04256520/de5ac6717fb307e6b01c58badc8bbc39,0.008322747,0.0014421126
04256520/3ea6bec3578d7a0a24e449d22891bdba,0.010112939,0.002303071
04256520/3f1e897f2da10d808e52cc55aebae3ed,0.010447819,0.0018217652
04256520/1e658eaeeb68978214038d588fd1342f,0.00842426,0.0036860008
04256520/8e2912b6699ea81c3db8e8b3ea723cce,0.01210815,0.0037994822
04256520/1739665585ec210fb04cb542e2c50eb4,0.009555817,0.00241188
04256520/9c0ed8415a0a9e5c49b1e464b71de577,0.010232593,0.0022279413
04256520/dfc8656b5e7e6104feec1f13d2353f3,0.0179591,0.002356954
04256520/dd85decc87fd988c524446331aa4f326,0.008750884,0.0019887313
04256520/5a7b6de19865d1332c8896155b09445c,0.009865634,0.0026963395
04256520/48834ca61f0b759583e21877a4e60599,0.011553997,0.0023298182
02933112/6d42969890762ef2ec8eb53ffeeadc85,0.00696929,0.00323419
02933112/dd2325abe32870f5a99e0f0bf1de3bbf,0.00973185,0.0029902235
02933112/718f8fe82bc186a086d53ab0fe94e911,0.011414293,0.005401333
02933112/4eb789e7b91d1c7374fd54817454ba03,0.0069777933,0.0033865133
02933112/6a121783609b4a18824662341ce2b233,0.011198347,0.003101309
02933112/aa722d165b5ede74f8832716537767a4,0.008742556,0.0035231186
02933112/6b984c6b1e49d9dc59f8e31ca87c470e,0.011783928,0.003276799
02933112/21eb0039185dd955c59350d819542ec7,0.008999724,0.0038470875
02933112/50492ac55ad27122e8990fccb12f2c29,0.008309575,0.002229211
02933112/1fe25f0be8d71d6ce2e1a0e8b25f573f,0.0078025684,0.0018860396
02933112/4b006b7a2215db3d284f6213916dba67,0.007863447,0.0024312718
02933112/9a2c9e5bda713668674056261e8e6523,0.010212092,0.002676647
02933112/3cdabe258ed67a144da5feafe6f1c8fc,0.018183723,0.0029480762
02933112/25cd31f334358e0260bec33edd014356,0.010928107,0.005157271
02933112/57dc5950f0a7304d4da5feafe6f1c8fc,0.013098845,0.0031261123
02933112/a03797c4034be11ac59350d819542ec7,0.008388331,0.0021411555
02933112/54f801646e066ce92afc25cef0918375,0.011229668,0.0022947537
02933112/b56d8e21ac71f5d184296c7704cc40e8,0.01146787,0.0023618303
02933112/1b92b53bdb962de337aa612844f43db0,0.006235353,0.001836317
02933112/92ef2c5091a97df18a6e1efe1f5fc0a3,0.009938711,0.002619725
02933112/3e662f9afbe62838f0f8b2d752b1c7a1,0.0067978315,0.002890192
02933112/467b66a6ed7b3cd24da5feafe6f1c8fc,0.012760084,0.003780988
02933112/d56ac97208393d54bc8967b0321bd9d2,0.013873494,0.00252378
02933112/2175d15f93051f0bc59350d819542ec7,0.009413729,0.0028031797
02933112/9a688545112c2650ca703e831bf56f93,0.0069754384,0.0020666877
02933112/9cec9c8b65ec9e4f4c62bee40dcdc539,0.018910037,0.001962073
02933112/6ee01e861f10b1f044175b4dddf5be08,0.008615053,0.003656237
02933112/8e7dcefda14362f866f6836074ef23fa,0.007269158,0.0033640899
02933112/c8631f63ec5899a4a84a884e8267301c,0.0070970366,0.002643128
02933112/80a3b5b036021b8e404dc8be84d677e3,0.011493649,0.0026483291
02933112/54cbe81983534dc153b10fab8d9d7b30,0.0072653997,0.0026932736
02933112/90dd9ad1a74e25d53fe047712e43e185,0.011464717,0.0031036888
02933112/d4be807e568ae84d7b386db5665a1b3,0.009339418,0.00380023
02933112/5135a234fe18481235836c728d324152,0.00926524,0.003241349
02933112/4dcec5b89f1e9e4915dd7d7985e749c1,0.008785445,0.0033792388
02933112/a6d90c5628a598a1598a453fd9fbd988,0.011396556,0.0028454214
02933112/c01ecf4426f58beec3c7482d23c2379,0.011650576,0.0025207496
02933112/ca89804bd77f770c4c62bee40dcdc539,0.009379432,0.0022678764
02933112/8f55954a0b07a4b2bf64ff63662d244b,0.00940395,0.0024281542
02933112/158134028cc664b5c59350d819542ec7,0.008482599,0.0036730329
02933112/ab870b99f869186fd523772c66ed5bc5,0.011799777,0.0031515432
02933112/27e65f34c3b8dd7f490ad276cd2af3a4,0.011014959,0.0024375159
02933112/9c87aebafdb4830ba5dc3fef8d22887b,0.007955829,0.0032590895
02933112/3c855f2a52d5e3f63c8d0fdfb1cc2535,0.006487539,0.00210317
02933112/7470935c77e340f31781dae1261f1d28,0.014108014,0.0027159373
02933112/b34ed11766d80175f40dbe27bdacff57,0.008090548,0.0053128833
02933112/2018d0713d4c22df480fa521a9c7198a,0.018246815,0.0042019407
02933112/429638b99d096c89c59350d819542ec7,0.00912052,0.0032458226
02933112/9ba333215be4d6654c62bee40dcdc539,0.009542828,0.0012164639
02933112/3fcb5eaa202513bd2f815a05dcd7ddb5,0.009568459,0.0026548342
02933112/7ed5c429313f20e079bb09dc5605a57,0.01234954,0.0025573175
02933112/9705e66769fe130add7092ed47061a36,0.0109677985,0.0042765774
02933112/2d7bad601f84c83686d53ab0fe94e911,0.010087226,0.0031546352
02933112/b2b89d3ec5918f69c59350d819542ec7,0.010774992,0.0032535507
02933112/50f0ea68b77810121fbac718728a36d,0.007493507,0.002269186
02933112/13bae5728bec802034ea40f5d8767c57,0.0082564335,0.0032302297
02933112/6343efcc64b331b3e3f7a74e12a274ef,0.0066944608,0.002207113
02933112/285864fbee3a4038178e7d331e641179,0.0067115,0.0027072823
02933112/114b810af4a847ca99dd23ec22c4943b,0.012112954,0.002277468
02933112/14c527e2b76f8942c59350d819542ec7,0.01879998,0.0024877812
02933112/d2dc852235fe39ca1112a51947cf2b61,0.008806925,0.0034092115
02933112/a4a939a0bd8f8cd9492d9da2668ec34c,0.01000005,0.004341097
02933112/4f53f0d00d3491f35eea3e3d89293379,0.0119400695,0.0030828444
02933112/763d3c4ebccee884da5feafe6f1c8fc,0.009494264,0.00255505
02933112/8b188db0cd8ecb909f076a53721d9427,0.0069902525,0.0028719234
02933112/9c245f01f94ae038413b3ddc4f2d9a06,0.006636686,0.0030334254
02933112/1d7b35cda1bbd2e6eb1f243bab39fb29,0.008334632,0.0029180069
02933112/c6a306867328d90fe42c2d012c73c412,0.008850446,0.005188743
02933112/d5058b014492f748220c986172788383,0.00697154,0.002101662
02933112/24c781a3aa6310a44da5feafe6f1c8fc,0.009366512,0.0039020109
02933112/895de6b9d3e0f1ad11b65536c08c170d,0.011198191,0.0018114023
02933112/d33e54d1880f70c310cd758d9b7cf,0.0076201945,0.0036741975
02933112/315f29b2492f66a9c59350d819542ec7,0.010569023,0.0036261403
02933112/bcf7688f64a642e3fb266533561ee98a,0.011878667,0.004161379
02933112/7d22aa2a9ce589b37ca94e8674788609,0.008555014,0.0030028743
02933112/8b35178a614ee2f462023490a1e05c18,0.011291377,0.0030245362
02933112/d7fe9a6bf2c5ad924c62bee40dcdc539,0.009813175,0.003769241
02933112/2cb76d6aaac3c677bb60e56ad1645b95,0.0095463265,0.0010088775
02933112/bf4aed04442c31e4f759a9b042055cc,0.009274713,0.0024552878
02933112/3c28e4a1a5154ecc59350d819542ec7,0.013408737,0.0035835963
02933112/ac499f75479d2e372ad490d4d7fae486,0.007504019,0.0029881238
02933112/c7c782fd5976ed7214038d588fd1342f,0.006429401,0.0023059468
02933112/a8e160457848a8be3bba238110c3df2b,0.0070641944,0.0033994305
02933112/698debfccb32f7404c62bee40dcdc539,0.014008689,0.0027501252
02933112/bd89eb4a7407f07e54d8afaf6caac97c,0.00834796,0.003348909
02933112/9e53d5b34c4b403841b765d3dbd065f7,0.008996163,0.003095594
02933112/c3dd5d3f16f231c7cb0c0d433974e32b,0.010775754,0.0032805952
02933112/533ca24b72a0552c5057ad0f363d6ddd,0.011115078,0.0031808726
02933112/b12c3a046c326ca1d9b228d02c3319a3,0.010855965,0.0027370986
02933112/a82276d1ca28e11a4d87481e09b681b3,0.0073613147,0.0029901094
02933112/aa1077aff8bd9e44d8f27b2e727c3511,0.012902817,0.0033936568
02933112/aae9df5536cce166d5532c7891a349ad,0.0073552295,0.002413611
02933112/c5eb5577e728c4c1ab4753fa80886181,0.010754965,0.0038434824
02933112/4c44e4124118a2521e4b67452ae5160,0.010457494,0.0029270684
02933112/2f87d7d3c522f07b297936c81e7f6629,0.011664025,0.004347379
02933112/73789bb6c0286415db823df37b893ef4,0.008724954,0.0030091533
02933112/3724c3633a0db0c260a7085510f65cd6,0.008022267,0.0022212462
02933112/cb12bf5a4429ed4c4639ab25a6c4afd9,0.009822098,0.0033549184
02933112/3bb80aa0267a12bed00bff798ed59ff5,0.011210162,0.0031496922
02933112/a0eb46b125a99e26473aef508bd8614e,0.006570276,0.0027200743
02933112/b74f87f4d4c7da7343638dabe1eb5336,0.011465145,0.0033410008
02933112/9b2759851023fad7dedad3eee47fd556,0.009146982,0.0030617993
02933112/3cfebf4fdfa1384da5feafe6f1c8fc,0.011461888,0.003950511
02933112/2036aaa68d164c373fe047712e43e185,0.010415351,0.0037177098
02933112/7bd5510b4451cb651d6ac856ecde9eb2,0.010455681,0.005220008
02933112/2cf613433894022dc59350d819542ec7,0.010505187,0.0037287099
02933112/1f610516a159e0ce8916d0991ded06e,0.008208551,0.0039882353
02933112/a256bf234c60a150c226a4421a1fedeb,0.010182052,0.0033454236
02933112/4acadee1dadac64e4b8710a3469971b1,0.00868826,0.0024411082
02933112/14e2319299a434b24b8710a3469971b1,0.007174206,0.0027091962
02933112/82c05fe4890a7f5112de5317fe5b354f,0.009916963,0.003357549
02933112/150a5e3deaacaad4983f6ae6d409aac8,0.0069798697,0.0024881177
02933112/ade25be3b1ee38bff51f77a6d7299806,0.0059230104,0.002212082
02933112/c18a4772bcfbb98e85bc264270ae0601,0.011887176,0.0031168708
02933112/a5d193fd45690070b93ba26740e73067,0.00984836,0.003783351
02933112/bb0255c8582c74c6557f50690310ce8d,0.008705139,0.002048396
02933112/2993b6f0fa043f2744b0bdbb4386e313,0.010070918,0.0031215188
02933112/2c177b47d18940c735b355b56bb31701,0.0120852385,0.0030442127
02933112/6a910ffe32ae2e575588a2543ef0b0b4,0.01219032,0.0035839265
02933112/22cbdf59fb7fdae277b4d8470453cb5,0.007487297,0.0029001872
02933112/7a9feaea9793b570fc9d1bd1b5b90d13,0.0055194125,0.0018999578
02933112/f3bc5eb543bd852bb7ea82317702e856,0.009940402,0.002035302
02933112/47e09607098c43b5768049e7324c832a,0.009994835,0.0023937845
02933112/cb70b087e5bc5e9522e46d8e163c0f81,0.015363147,0.060301874
02933112/1252e89db37d786386d53ab0fe94e911,0.010498423,0.003693169
02933112/9b34b5983bd64409e08dea88cca8641e,0.011584669,0.0028141423
02933112/5556112e5f36cf2755f46d55537192b6,0.014579139,0.0024126314
02933112/62d67406fb239e21533276a8c0b1c862,0.012320297,0.0030544535
02933112/583c242abdc4c08e4da5feafe6f1c8fc,0.014701197,0.0041809524
02933112/bc1298b1c55849b14e82b8d74b98baba,0.008235283,0.0033728434
02933112/9bcfb450ed3046a74da5feafe6f1c8fc,0.010360412,0.0034061766
02933112/54daf9093eabf27a34d6aa31914c287d,0.010264562,0.0053398632
02933112/636c4d449f17b6a8b47cc2471d9dd7e6,0.011870237,0.007042251
02933112/77df125bac962fbe4c5470734f591843,0.007986264,0.0030411459
02933112/11f59587596e3bf1a9958063063ce065,0.007510815,0.0031002741
02933112/a9ade7de80ee8cc8ae25f6fe802a8997,0.008108933,0.0029031308
02933112/da3a71168ea830dcc82d9accadcc9c9e,0.012151825,0.0029433272
02933112/76fa5df01e82242c684b7bc3f8a9aa55,0.006436291,0.0026457899
02933112/c04c1766fcc28fe886c701087a194026,0.0095502455,0.0034204354
02933112/634a4ad6496e20dbc3ea9e7b2ba79cb1,0.0105214855,0.0026058322
02933112/53e5fe30d92d6733e6c5cd45aa112726,0.017272912,0.003492718
02933112/18d84c10a5068315fe5c8ffd0f5eba47,0.010341277,0.0030217718
02933112/b99b7673b0927283b1732c7d45a02ba0,0.009154826,0.0025533456
02933112/4e31ddf3828a40f3cd525309aaf63a44,0.0058511235,0.0029206378
02933112/298dcf7bd982cf0712de5317fe5b354f,0.013164012,0.0042050066
02933112/67616bd629dbf7b3824662341ce2b233,0.012782408,0.0033564034
02933112/1919dec93dff59e0ed3ffec8035a48e8,0.013314234,0.0047172713
02933112/b4cb08749e099f0a899736e5d685d0c2,0.007827364,0.0026307185
02933112/26eb1d73803b2426ef46cffe4939fce1,0.009697278,0.0031421648
02933112/2b376f6dfed75d53684b7bc3f8a9aa55,0.008174255,0.003714483
03636649/526251a7530426a4b3c42e318f3affc,0.008831475,0.0044747647
03636649/6b2a590446ad5794b10e111f2d30684d,0.0036303608,0.0016046771
03636649/51b4f0fd600a7cdc580a266ffa083ba4,0.0031401904,0.0009899008
03636649/2d3c98d5d85f22a127babbd370e736b,0.006870865,0.0016345425
03636649/6b837caba2f63098360a9d5ff73ffdad,0.008284418,0.0022182958
03636649/418a6ed14b4571daa5af58528d00e4fc,0.0057005645,0.0019139483
03636649/4febafd730ab294afcb8d8c6d4df8143,0.0051282267,0.001762767
03636649/35975525ec3d835046f58f62995211d4,0.008176654,0.0028071785
03636649/8e34bb5570f790b0796c584ff1fcf56d,0.007534015,0.0055496674
03636649/8cc8499cdf11e9fc1735ea0e092a805a,0.009558332,0.004637266
03636649/e30a70e900f0a9565d28221e3b996124,0.014569161,0.004777414
03636649/fe02f6594ed8b96ae85a3dc26b76b2ae,0.004107598,0.0012904736
03636649/cec552e824883875490ad276cd2af3a4,0.007270676,0.0036400228
03636649/42fa87cd27edca9efcb8d8c6d4df8143,0.01423484,0.0032639175
03636649/5f3f11372141da8def0b2fc3511b6fbd,0.0038640134,0.0009981305
03636649/e8e4f730f9bb892a85245de9410e292e,0.010191192,0.0057681664
03636649/f9bed8743eba72439a4cbf5d3b79df06,0.0053362697,0.0019657207
03636649/356224e2ce466b551218479e9cbf7bda,0.004251306,0.0010925968
03636649/5656f1bb53d675ffcb8d8c6d4df8143,0.007655223,0.0020888706
03636649/4aee1567027d9dd14357a62465045ec4,0.01384749,0.06330143
03636649/6c90f92219fd4ba74719088c8e42c6ab,0.0022882952,0.0005286765
03636649/545ce32e4a72ac04352681850fbc4af9,0.010464604,0.004581474
03636649/49749cf225cb899573ab7b7128d466a2,0.0034047314,0.001449916
03636649/3fef4c8dca9dd0e0dd4763fce8a9da20,0.005591004,0.0021868548
03636649/b2c3fb8c5b65a63ce2c3d541bbe76212,0.003923279,0.0010010033
03636649/5b4856005da0ab61d18826cccc613430,0.008689068,0.0032728137
03636649/f40624156dcbab68620a56d13e6d773b,0.0055308044,0.0017983866
03636649/31768574bcddbdde60ad823977adaa23,0.006933716,0.0024849176
03636649/908bfd876def9e43714531f0291497fd,0.005048689,0.0015693356
03636649/1e9a36b3360f23388962005ce0e986db,0.003762867,0.0016147255
03636649/3ba4b7bb7b6d89415461e7d030e03e48,0.010131508,0.0037962866
03636649/8b60bb548c0813a7e420612cf7bb547c,0.004762391,0.0013823754
03636649/846ae34d173c06d828e0b580c4eee0e6,0.003382199,0.00053409097
03636649/dbe83cbb4cd5113c14038d588fd1342f,0.00439303,0.0011827309
03636649/ae5a1b5c8b93cdf4899bad344dc01f2f,0.004794566,0.0023784055
03636649/ada0e305757901e589daba250d5b5a5c,0.0065408396,0.0028430165
03636649/99efb45cf927a0c62cd2160e449d45ae,0.004872129,0.0031844897
03636649/bf2687bb57e94f4071d7520e3757f3e9,0.0039204834,0.0006396696
03636649/3397952c22be7309796c584ff1fcf56d,0.0060131196,0.0024948225
03636649/26f725bb6578936cd247b9308cd5c441,0.0060579646,0.002273609
03636649/6138faeed623475b43ac09133d4c1d60,0.004161895,0.001496781
03636649/b78bef16d4f44844931e98da3a93e73e,0.010444351,0.0029464352
03636649/b10efcf01493c922e7e684d25d4dcaf0,0.010509629,0.0034594422
03636649/746b82746c6a02cca5f600ed2cf472ac,0.0060532,0.0014204935
03636649/ad01773f3f53bca3a8ffa3a6526018ac,0.00851352,0.0032675536
03636649/d05b908d82722b5ab15194162f658e87,0.0073499335,0.0021476327
03636649/a37695d83a39adb52866fbd701f50f71,0.007084379,0.0023866682
03636649/33b77c66e1f849b790c4e2a44fddf755,0.0052121915,0.002598088
03636649/3c756a2c1c62e73b7252c133a7e17d94,0.009707397,0.002604828
03636649/c05cc9636722504688e7662971dc736f,0.0055738334,0.003152836
03636649/f7b3550d5e59934595bea7c29e873d16,0.0063997447,0.0015205357
03636649/de063371e5ef119cfcb8d8c6d4df8143,0.0051534437,0.0039827097
03636649/9e3905c3fe967a4dc13933f92cd75682,0.007662096,0.0033678007
03636649/d1948365bbed9de270bb6bcb670ecdf5,0.0055074077,0.0017249389
03636649/fcd263dc05862ad1bec3353c29751fdf,0.015612502,0.0042772177
03636649/f9b41c5ee5ce8b6fcb8d8c6d4df8143,0.008420866,0.0033452632
03636649/d748241313e5664696a3517f50eeb9f4,0.0074269073,0.0021300132
03636649/8b6338fa5916b40e7a5d3427f09d950a,0.0116967745,0.003862312
03636649/dde3b4bb9fb1ad25e0d089cf3411494c,0.0056889486,0.0026462763
03636649/a4e4446f8ba07f1730612f5c0ef21eb8,0.004564988,0.002153834
03636649/ca65934efe289843df446319d65b9318,0.016357984,0.004646859
03636649/62ab9c2f7b826fbcb910025244eec99a,0.005538438,0.0017265513
03636649/683118b2740958303fe64ec32ae84891,0.006752405,0.0035091508
03636649/50a3d09ac90370ec9c48f338871146f5,0.0029764522,0.000998088
03636649/4b48b7f72cb4f56ef00f0216ab99ff30,0.004322491,0.0013086922
03636649/41c5a45c63f07f46c1c74fb098c415cf,0.008770395,0.005428431
03636649/511917ee5ee2f91649244b68aadec703,0.0072139967,0.0035499167
03636649/ec01e8b79f2d07df784a45ea6efa1d77,0.00583453,0.002440004
03636649/75cdbf96a597b57a29a42a0444436860,0.0054501086,0.002754991
03636649/ec0979097f7c811922a520e8315099fb,0.00325036,0.0004532569
03636649/6d15af6141ea7c918bb3deb7fab7c9b7,0.011165309,0.00486468
03636649/f8a6f60ee9926c01e7822b3160005e08,0.004193834,0.001289596
03636649/c9a0c193805df62accbc9e602dbf6a4a,0.009696397,0.004052317
03636649/4521282bd4550113a5f600ed2cf472ac,0.006026323,0.0031374337
03636649/d91cf049fa961ccb59f8e31ca87c470e,0.0073548025,0.0027330164
03636649/66f7a541e0459b06fcb8d8c6d4df8143,0.0075880373,0.004122559
03636649/b8e26fbbb44def8d1deb48513aeadf93,0.007403625,0.0026279134
03636649/e474916f1ee1635e0bc0e32d71e297,0.011019068,0.0029987264
03636649/8566e44b5f1a818ff44a1c032c5fcdb7,0.007955935,0.0033506425
03636649/cbf2fd4e3b923f9ffcb8d8c6d4df8143,0.0063082166,0.0025907862
03636649/8f85c2195890ccf671f0940f5ed452dc,0.006822558,0.0021368812
03636649/7b53493f7944fcf2b691e708071fb777,0.011185544,0.004355506
03636649/43deffcae6d595f3fcb8d8c6d4df8143,0.00474305,0.0056604366
03636649/8c5f6d5f0ad51f1a45c8b1285cb15c2c,0.0053548263,0.002715076
03636649/e4d491fdfd795a9339de811989288fab,0.0102443015,0.0029572533
03636649/816bafd4dd0a04756da1275102abcdb1,0.00618978,0.0023427529
03636649/d54d7977d760f4c3bd16d4490a10a752,0.01268903,0.0043653096
03636649/3b90765f78db34cdb827dc66c75bf2d5,0.012795836,0.0030586051
03636649/c5da06189b219effcb8d8c6d4df8143,0.0063929334,0.0028927624
03636649/13daa0657f5c3e32cb0c0d433974e32b,0.007868429,0.0023827073
03636649/e1fe4f81f074abc3e6597d391ab6fcc1,0.0068473076,0.0037611462
03636649/ca8e73b360017dfafcb8d8c6d4df8143,0.0038819038,0.0012887323
03636649/e1c49baf0a79732a7eeca6709b6a824e,0.0062924875,0.0016693264
03636649/efc262f7c8bc9fe66b1291e0cfc0c93d,0.012908678,0.004880607
03636649/aa765d04e997e36a1742918a871fc8cf,0.0046658907,0.0011893227
03636649/b95719df909773fe65d8717db5192d1,0.009780374,0.0047618896
03636649/e78c5337a56dca56bd6e55f88e701c4,0.00550206,0.0026148916
03636649/22315c51156a826525b5da4000a94497,0.0045385007,0.0018667434
03636649/d7465ce6bfe4b898c98f75a9ff83e3b7,0.005217153,0.0032345266
03636649/9c6084d24011c791c8107db508bde472,0.006993945,0.0031266576
03636649/270ec239221938991735ea0e092a805a,0.0099752955,0.0027881276
03636649/75cd24d6b485e9e01735ea0e092a805a,0.0071345586,0.001891919
03636649/7c0e5f39eeaa5d6cef9b6f306f98b0e9,0.004245137,0.0015983639
03636649/e655d36c391a57c156ca893ec1044405,0.0059707994,0.0016435499
03636649/da8141b45da808199a06a7de97b096dc,0.0056001632,0.0021088347
03636649/185b2436cc0404096ef2faffa907bc32,0.010064184,0.0034033
03636649/d460bf2dd59883f44e1a714ee619465a,0.005661512,0.0020747837
03636649/c561496324b6d8154c5b22ae639d5204,0.0044036508,0.0031711736
03636649/aab336a18bb4e51fcd4910413c446d9,0.0034269406,0.0008082473
03636649/fe4ca0ab385784d8df6cfab91d65bb91,0.005510714,0.0020383594
03636649/475a3d88004052918a6353ea60f11b6,0.010222177,0.0032859806
03636649/a258951f55855e41c02170c33e00ea64,0.0055112243,0.002927073
03636649/be5b76136b37205738e43095496b061,0.012919194,0.00332367
03636649/8ce777fa2b40476cfcb8d8c6d4df8143,0.013105087,0.0025615199
03636649/e487374a244b5f03b428462f49e66329,0.009063631,0.005110824
03636649/2070e39377140bdd7f32712aef0efc5a,0.026325777,0.003279485
03636649/ae5ecfa01e88e47f41bb00bd5475793,0.0045833187,0.0011658536
03636649/fa0a32c4326a42fef51f77a6d7299806,0.0039512794,0.0008463111
03636649/f7093dd024fd09fc7219d6d5c4afbaff,0.007011494,0.0031773644
03636649/f1cc6b6fa75bd67ff51f77a6d7299806,0.007554043,0.0027761084
03636649/bd234f132e160fad8f045e3f1e9c8518,0.0029672605,0.00089183694
03636649/544f2afb57934bbeffb8dd272bf2a810,0.010829554,0.0032365746
03636649/8581a3ae1f77319ac066b9622c005c53,0.004956731,0.0015142307
03636649/d47f0a026f66e2f24b3c42e318f3affc,0.005769548,0.0025198217
03636649/44820a27f86f13e7e420612cf7bb547c,0.0054041,0.0015897349
03636649/caeabb766b3b9c67d3c1dc91e223304c,0.010082774,0.004251781
03636649/aad5c7256a7c6ba92a4d67a8ec314d2a,0.003921681,0.0009533417
03636649/5ec6c52d6d5dbbddded4c23d05709216,0.01467965,0.0032115253
03636649/d21f149ace9ed2ffa3714990138052c2,0.0051367544,0.0015989307
03636649/5a4248187b0cce798aaae3d020f5ddf8,0.0055846153,0.0021794694
03636649/5128cdc2e7001b0fd8740cddcdf4464c,0.011860695,0.0041624242
03636649/3469cdf83a3cba1f35836c728d324152,0.0030354287,0.000980227
03636649/6e268cddf895c20ffcb8d8c6d4df8143,0.005794878,0.0021559505
03636649/90d70f0a6b1cf72d79f0be73913de469,0.0072173974,0.0033814935
03636649/14656fe47266b0eb88e7662971dc736f,0.0051136864,0.0032160436
03636649/64fe64c30ac05282443f70ad172f4dd5,0.0060182204,0.0026481631
03636649/9dad7ce60aa168d72cd2160e449d45ae,0.0046828827,0.001720669
03636649/5e6abfc7d93fa5f1dc0efee4b442070,0.0069725807,0.002270509
03636649/7d097f4b38f0a8a65b6c7da997b0e5e3,0.0058414657,0.0018437322
03636649/369555d5aca3e7e65a31d91ec836a511,0.0061766803,0.0012968051
03636649/d438e1e1b540a30b1f329c416dca6157,0.0067021484,0.0013340275
03636649/aad04909cf72df68bd038489dd82490c,0.009527589,0.0026962636
03636649/3d26aa294ad1cabcfcb8d8c6d4df8143,0.0043390356,0.002970505
03636649/ced76fc046191db3fe5c8ffd0f5eba47,0.0052163946,0.0020352702
03636649/169d73f18f7b17bb4a6ecce2eeb45768,0.010515569,0.0050163064
03636649/61555024958cb5efe4e7668ba612f00,0.0051599154,0.0013979338
03636649/fe200902555dd8c89f2349486c570dd4,0.0042961556,0.0016494951
03636649/e7ffebf4dd9176542cd2160e449d45ae,0.0036170017,0.0010020434
03636649/a500dac5ab226476b9445129e5607c02,0.012461423,0.004101649
03636649/ecf9ea749680ae432d9c07d3b9171829,0.005864416,0.0016317503
02958343/e011a97bdaf8aac4bbb53e58fdcb6353,0.008141909,0.0039647887
02958343/29487596941c12dd99f6b4f86609dd6a,0.0090987105,0.0046842387
02958343/5b1c430ced749ac3897e805df74453bf,0.007986192,0.0034505758
02958343/bacb79a145897ed532daccb6e3ab4c7,0.008489821,0.003676344
02958343/90b899c4c7aa150ab927782fc69a1fbb,0.008959008,0.0027269917
02958343/b5a6e71a63189e53e8a3b392b986583,0.007219806,0.0034045198
02958343/4e3a0f69a63ee72426d1f3c517cdece5,0.008433649,0.0034697647
02958343/30776fb35aa99150ee3dd0c47654345b,0.008002918,0.003927339
02958343/749664b84396a880ab8ce16316ecf598,0.012230815,0.0072539025
02958343/f4822aa5b83b28cb35840786ceee5cd2,0.0075453273,0.0031082986
02958343/98bdce81ac602c76becf71e2e014ff6f,0.010301849,0.034284566
02958343/e1d2157def9f3ff469856ab03b318817,0.008892747,0.004190804
02958343/40fefeff52cee19372414b50cf5a981c,0.009515975,0.0039192582
02958343/1a56d596c77ad5936fa87a658faf1d26,0.00927582,0.0030857122
02958343/fa349620eeaef5596ca2b6e5474aad11,0.008638478,0.004269535
02958343/8b090b8ab3172dad2d7a27ffaafaaddb,0.010941185,0.0036863927
02958343/1963641a15916c03709ce7955adef61b,0.008623762,0.003940981
02958343/e999dfb757ddca4830e7f6cd6fb3f1b9,0.009546431,0.004046606
02958343/8577f3f82d5ce3ecc2fe329dd557eb52,0.009293173,0.004787798
02958343/328cd076003d1b05ef7b860bd772a37,0.0085533485,0.027241476
02958343/18aad9d102afbca57ba2273581c30cb,0.007829741,0.0026506495
02958343/948fe52f9f5948cf4ce28f0f1b509eda,0.0075356923,0.0038712819
02958343/3c059c7851eafc192a9eb0f146e94477,0.011268985,0.04631304
02958343/9a0365ab56ae57ffdf6ad3edb04a4bc5,0.008495605,0.0032721881
02958343/cd34d1a016a5c97e5b7d03c1aa2764f0,0.009172802,0.024710353
02958343/5f148a8b824ed7e72a9eb0f146e94477,0.008209369,0.003079885
02958343/1b81b5d355c76854a13b27d5e17f45de,0.007595627,0.0030835571
02958343/c693aadd8d1ad27dd536c1ebda275556,0.008481095,0.0026616377
02958343/c7bf88ef123ed4221694f51f0d69b70d,0.009335531,0.0018437519
02958343/14ab7a48f51bfe69597505fd7d99b613,0.007876885,0.0031339545
02958343/c210ee47efea83b9c2876b98c07c9251,0.007860853,0.0023189755
02958343/34b507c24d9eab7f7eaeab1f0c9120b7,0.009754481,0.003871376
02958343/d63904d90658195b7e9bee24ca944f5,0.009032224,0.0038076944
02958343/9eaafc3581357b05d52b599fafc842f,0.007668721,0.0027940639
02958343/eacd6b88c0a9d9fb84b1aa0ed7e58be1,0.008674992,0.003872808
02958343/817878baf71de5e3713566bcaeffe8b1,0.009951831,0.0046058493
02958343/c099c763ee6e485052470de2774d6099,0.00637796,0.001396935
02958343/34f6c3207eea51b62981dc6fe5a72097,0.010412892,0.0033781517
02958343/598f5748053b4023bbbe6da598bf8093,0.0074371593,0.0032301461
02958343/df1081dd18fa7bcd57d7020aed3513bb,0.008741853,0.0032472133
02958343/cedc65050061eae4fcbb9323f0bad63d,0.008086084,0.003408259
02958343/3d0308da43d52e3ef56f8ea3d9016e55,0.008251971,0.0024475222
02958343/de78fc3652596d3e9ceaa43540dc0e9a,0.0092498865,0.0044478695
02958343/12498dd65e8d65ac3b6f5204eb590354,0.009578103,0.005170929
02958343/607feedd534d9344b96244559b61fdc2,0.008438093,0.0036835584
02958343/e1d37310f0da90be8db6b792a14402eb,0.007845284,0.0035159735
02958343/cf32af5869fee4d34eb766e5a46fceab,0.0072164116,0.0030669826
02958343/fd51973ebdad26d1e3ccef60655d5f2d,0.0077506974,0.002863903
02958343/36455a05e2834eabbecf71e2e014ff6f,0.009726927,0.004875037
02958343/bd465877e3d5bdd1c2e8382c9582f1a0,0.008242839,0.0030911516
02958343/423a7a7d2cb277fb8132f697bf8139a4,0.008536065,0.003119255
02958343/65ccd33df41999496d6573f48a06281,0.008145275,0.002765075
02958343/d1bf2bf3302c0ec0e21186de41a0101,0.00691358,0.003547009
02958343/df672140efe7b8ca89e9a9eee39907f,0.008185472,0.0034927835
02958343/ef2406c5f2f280f366cdbd877f6ab1ad,0.0090228,0.004007801
02958343/7d7ace3866016bf6fef78228d4881428,0.00911748,0.0035367587
02958343/a2acbcd3b16e080f122181f48ecf7852,0.007836211,0.002933803
02958343/c887bed724f4a30c31d6c59225b395cb,0.008197586,0.0031170845
02958343/3e59d4cf6d27e606c3ca60fdb6f83ff,0.008863188,0.0026691733
02958343/e2c8d8442e3fd8845bf9d505bd197c2d,0.008280073,0.025221882
02958343/4cacb4895a5b2c672eaeb1f3ba51dddc,0.009412048,0.030885838
02958343/afa0436d9cb1b19ec8c241cb24f7e0ac,0.008738954,0.0038947372
02958343/7e7cc90bb7f265d2b3cf5236f651a8e6,0.007971649,0.003059032
02958343/3df6230b2382ec12473f10e6caaeca56,0.007774817,0.003493227
02958343/e1424abe7a021a69e4cd93d3859f6007,0.008080609,0.003717179
02958343/20a967d68b6d291512da0dbf3c68e847,0.008347608,0.028301045
02958343/5b04b836924fe955dab8f5f5224d1d8a,0.007069381,0.0031987382
02958343/a015b428cf628af3522dcdfaad316d22,0.008175854,0.003679657
02958343/eb5e956c2dbd44248bb11dbc05ffaa74,0.008299116,0.0032778708
02958343/173669aeeba92aaec4929b8bd41b8bc6,0.0099657765,0.033978652
02958343/6a2f939e549e3bbecbd583099e67e928,0.0089189485,0.004075451
02958343/30f96aa701d4e088becf71e2e014ff6f,0.0089406315,0.026602529
02958343/b9f28fa7c7181002d436d4e00775800d,0.010597737,0.004166177
02958343/92a4a6cf717d042ee194052f3f12cb2e,0.008254605,0.0028710922
02958343/64515d3ca4575eec7c8ce3bef5c2aa9,0.011698323,0.0059099793
02958343/d967be366b99ac00bac978d4dc005d3,0.008844094,0.0040059243
02958343/25656d25d2c1e4f1d92ba773197b51,0.0094860345,0.0036960808
02958343/1236ae59815ff2408e30bdcd3135786b,0.008978981,0.0027703168
02958343/24d7494c6b92c6e7c1bbb501b1d87871,0.009534611,0.0040191673
02958343/5523a6798194043146810e868f84ab51,0.0089954585,0.0038047736
02958343/3217e41f424ec403cfd1806414cca1fe,0.007908852,0.002932742
02958343/aca2dd26845bfa001269e76632f079ee,0.008036647,0.004205612
02958343/3ff887eaebf0bc7e9d2b99af43da16b3,0.00789963,0.0034686276
02958343/3a5df1c214322cd4a5f6e4975dafe8b5,0.006544239,0.0025837722
02958343/f1f78226ed08465f801b0db1d49ea10c,0.010404671,0.030886197
02958343/63dceacb54c3c170fc7fcf88dfdc47f1,0.009076424,0.0033658422
02958343/4e9a489d830e285b59139efcde1fedcb,0.011616499,0.053573415
02958343/20e2b3537a335557e8d8ad3bdef6aca2,0.007730472,0.003014
02958343/598a9101a7e1c0775527ebc0bc3c5c13,0.007791646,0.0028305813
02958343/963a4fdf819cc5ab3174b45571ecff3d,0.0096640885,0.0050446154
02958343/985082c9239527ed728fa2df514c65d4,0.009055878,0.003003894
02958343/1ebef900d0b077a0909e2381adbddb4b,0.007802117,0.002590834
02958343/703bd04475fc330d59139efcde1fedcb,0.008296282,0.0029997788
02958343/5c3fe4057ef12b6886ac29addefc0f11,0.0064207916,0.0018245874
02958343/96e3179460185d889130d420a26edb84,0.008690465,0.003502402
02958343/388307353ae44dd26436916a86a90ed7,0.007916218,0.0035723012
02958343/3b636848ed4202a093680c5a9a367b4a,0.009189005,0.003715605
02958343/e366113f8182a1f07d78cc65dbe486c0,0.011866195,0.006331807
02958343/5a7ac7612079d8def88b61e9125676b2,0.010224417,0.0041495073
02958343/c026a891489a955fbecf71e2e014ff6f,0.009323125,0.0033925865
02958343/6b9806cf8a7f2120dd141480e2c154d3,0.008783562,0.0045646084
02958343/650238554cb16926bda733a39f84326d,0.009235098,0.0026671975
02958343/9f5b070256c5073bedc556ac4add511f,0.00902791,0.031853937
02958343/46c9be90b3abc6a36b418c7d9fedcaa9,0.00769511,0.0037282489
02958343/16e54852d1d14c352c365ab601ec1d05,0.008048711,0.0025655665
02958343/6dd54c74003636f8b357f79e3da3faf9,0.008475277,0.030269805
02958343/d4d7d596cf08754e2dfac2620a0cf07b,0.006634524,0.0029665292
02958343/52a988b361f6cefd685753e73124c6e8,0.0077717337,0.0026890878
02958343/372ceb40210589f8f500cc506a763c18,0.008773079,0.0027839234
02958343/8daf786d1798cbb1fc262705c0432659,0.008280405,0.0036499437
02958343/83ac5aa38d1818134bf53c4f0d47c5b7,0.0085129365,0.0040565305
02958343/4cabd6d81c0a9e8c6436916a86a90ed7,0.008301581,0.0030092678
02958343/d92a10c4db3974e14e88eef43f41dc4,0.007869012,0.0018382543
02958343/5a78b875ab6690792f20449572a3a77c,0.008254655,0.0034716006
02958343/67a3dfa9fb2d1f2bbda733a39f84326d,0.007866625,0.002330815
02958343/83098846c82db490a00a2bd11cd80551,0.008332746,0.0035103022
02958343/21ffb9fa5bae1c583ce0d177711e253,0.008434005,0.0031473243
02958343/b296ce5623919b8d8db6b792a14402eb,0.008823166,0.004549406
02958343/659a89b2e6c27a0036b40d10223a7858,0.007711857,0.0031303065
02958343/bf39decbc563c0206b418c7d9fedcaa9,0.0095933145,0.0035637773
02958343/2ba7ea78b9b6e2a6b420256a03f575c0,0.007945377,0.018408006
02958343/faa4966b6ec2ecb7a0466428c12ec98a,0.008847528,0.020421255
02958343/79763b6b5eb6cfe8c805dfe4ca9f2fdb,0.007843685,0.0024874725
02958343/df2711b2c27ae190500ef87e65b70316,0.008859485,0.0025733165
02958343/bebfba98a5e97c6180360680c1602c7d,0.007982958,0.0032759192
02958343/2dbbd2bec94e4a7440eaf79934ff53b6,0.008893065,0.0251925
02958343/ff64fc33b5d8f866d4ad6f63f570d711,0.009555034,0.0030689358
02958343/e4a2b6a22f2e9262fb5c1b0f759e2bc1,0.013561407,0.01102483
02958343/9a58eccb0ab51d2fa790ab932daff416,0.008607259,0.02312839
02958343/dda10fc985eea0868c368040825ed335,0.00817696,0.003651356
02958343/b8cee2711b84bebb425b2c354eccabaf,0.008634404,0.002819477
02958343/3622a74cc97d887ac2c2c81e2232aa95,0.007695794,0.00301292
02958343/af0d0eebd57c8cdfaed1820f7f890326,0.008081171,0.002571372
02958343/ef8e257ca685d594473f10e6caaeca56,0.008660031,0.002936761
02958343/1f2d26228823865040afd70980e6f6de,0.008752316,0.0044553764
02958343/4ffcd9ac4e9e275b4a09828e3e3dc0c6,0.009754991,0.021352554
02958343/86c31c04c436f5932e877e82c90c24d,0.007226292,0.0027144356
02958343/5435eecbe962d5342ddac5978bf40ffe,0.00851903,0.0027790063
02958343/d6dab47acb946364f0cf9a4b3162f487,0.008349096,0.0026710148
02958343/2fcec17ab09a42782a9eb0f146e94477,0.007506238,0.0032597412
02958343/d28d00d6488ad1a78079d5a13e411210,0.008973734,0.004417901
02958343/48d5396927f7237bbecf71e2e014ff6f,0.009350987,0.003706223
02958343/35665606f965e5b77db3006b81b54c0a,0.008603186,0.003716208
02958343/a770a013fc1844951c4ba4758a592406,0.0071363933,0.0033031108
02958343/5ad845ccc1a5795ecc19d582c2bc11b6,0.010614585,0.04519726
02958343/aa691094af361fea4ce28f0f1b509eda,0.007965203,0.0033891138
02958343/8ab18d9a3f9cc8b272b08c8c70406c37,0.0079171825,0.002980774
02958343/88a476c48a4cb5e72d0c578824da8af5,0.009493382,0.0042214966
02958343/6666b682becbc72247a22ab426830dab,0.009000012,0.003473537
02958343/1b23106e1c447efc36c8c5d8a85eb4f9,0.0068957247,0.0029086752
02691156/e161df613fc808b0d7ec54df5db5828c,0.0036096666,0.0010868969
02691156/a097428376f298abd872dc56d048665c,0.004516807,0.046759613
02691156/16715d886ecf0a97ce2cec85ea6ae00d,0.00550864,0.0019716343
02691156/71a3888c2229715b694188e21796efaa,0.0047401786,0.0010376811
02691156/62ebb16b6b4ffd74df8fc3a07f996293,0.0050185034,0.0021690163
02691156/3a7e396786751f544c3a35cee92bb95b,0.0031001745,0.00080292637
02691156/23616b4d03c5bac61232236eecec447b,0.0039074924,0.00072825147
02691156/64211a5d22e8ffad7209009cfb89d4bd,0.0036834981,0.0013095296
02691156/e9df546c1e54af0733d72ae4e2c33411,0.007613213,0.0023465925
02691156/b5d0ae4f723bce81f119374ee5d5f944,0.003443881,0.00093208096
02691156/4ea714b785e24f0d9a6e43b878d5b335,0.0034143275,0.00096955174
02691156/b26d238e335c59b567b13a456b2224a6,0.005433638,0.0018102323
02691156/a9b808a446c498f475df24d58e852c90,0.005851011,0.0017180211
02691156/3b41c0837f22555871d03b466c72ce41,0.0041311216,0.0013684821
02691156/8ef4637cb349584420c6a28228acb628,0.011573496,0.0016758759
02691156/b46244d196a7f66635ae67400a94a6fe,0.005152745,0.0011728109
02691156/f7f69ecc4ff199ec5e9e2656aff7dd5b,0.003871628,0.0014918298
02691156/22ce6f6d1adb08d7bbf3143b1cb6076a,0.004047535,0.0009092227
02691156/ff13be97bdfa45f8254dc1d04198881,0.0031196238,0.0010390107
02691156/bd91c1eca592312048464d2edba1bcf0,0.0044408743,0.0011284585
02691156/515b1b36d9f7721a903a13c314c66013,0.00503416,0.0014594003
02691156/67d9607d84fb51435fc197bbabcd5bd,0.003406385,0.0010095503
02691156/f9a8c5ae39362284d538ebc793e748b2,0.0047142417,0.00090267404
02691156/617a3d4bb40402679c411d305417ef6c,0.0037052953,0.0014185759
02691156/195ca2eabbf7c735a8d66821ccb813fe,0.0038783795,0.0011751192
02691156/17874281e56ff0fbfca1f1143bb6bc17,0.0036535454,0.0012491529
02691156/2ef20ad4c579812571d03b466c72ce41,0.0041850572,0.0017291076
02691156/6a3028e1c7205b22ad6a38fcc21e6e9e,0.008270026,0.003427687
02691156/536e1640461854957a86454b5377c47f,0.009138957,0.0030132674
02691156/df25be12ae47d2517ef7776b3bf5815c,0.0042210976,0.0008174494
02691156/c1c341e597c01d3814a46d7ec44fc258,0.008793987,0.0026875595
02691156/31b201b7346e6cd15e9e2656aff7dd5b,0.003524867,0.0008650927
02691156/62fa636e217a3db25a70c4e5328e0b9f,0.003457352,0.0011536954
02691156/8bb827904cd9acd36c1cd53dbc9f7b8e,0.006348174,0.0034638653
02691156/d96f2b6990d0d79e247412be0e58d7d4,0.009263117,0.0046371957
02691156/5f73e503595094b783b772877a547745,0.005745454,0.0034426313
02691156/22944fabf8a9763f28132d87f74ffe13,0.0037842854,0.0010379158
02691156/a6aa2281ebfd822e9b2acbfd8323f804,0.0029283157,0.0007169127
02691156/9a84164528544d5690baeef8ba5b93e5,0.0032508827,0.0008693072
02691156/ee672fc1455b9fc43523242fdf9b75a7,0.0034282226,0.0010272855
02691156/758b67f9af18602715aa5b227c027ee0,0.0044801757,0.0015873362
02691156/6e5810d6fc96e4a7db73445864b72015,0.004077533,0.0012772618
02691156/eb2fbd46563e23635fc197bbabcd5bd,0.0034985743,0.0009368627
02691156/cc6041868bf2913312b981fe5abe4a07,0.004138507,0.0011895358
02691156/dcca40aae3eb0c8757bef59252fb18b5,0.005975683,0.0026741254
02691156/adeb5d68e8d65cc419ba010ddb4974fe,0.0033675102,0.00089468376
02691156/2e961e38a039f1bc67711f7c205c5b63,0.00631994,0.0017342314
02691156/49e21b81565a51e6493c5f51f14398c7,0.004727152,0.0012900921
02691156/5c9e30bf0691c04d4c3a35cee92bb95b,0.003461007,0.0010549251
02691156/b0f3f0f754c0129486faacd7b0ac262e,0.008167077,0.0016269276
02691156/cb55e0710b727bf62e36a049ed2b7f88,0.0063907574,0.002636412
02691156/58fadbeceb7e239724f575085333a65b,0.003404473,0.0009073731
02691156/f485dcbd466f217286774cad40dd456a,0.0049666553,0.0066357716
02691156/67eac921334c130c336fa8434b94be14,0.006659746,0.0036175598
02691156/3255eb4c8ad868b3b378822897b79a81,0.005968502,0.002234637
02691156/5d2f0bdbd08be6fa3105bdad0abb9e24,0.004465511,0.0011760736
02691156/e8ceb64406509714e5dcd47593c60221,0.0044538914,0.0018597074
02691156/4e66465abe540ee326ccedfb0470de8f,0.0039633894,0.00074295094
02691156/c2e047aa11190a0f3523242fdf9b75a7,0.003214751,0.0007574765
02691156/da6faddc7079ce8ab6befd5df74fffa2,0.0039880397,0.00081721164
02691156/21c7cc3e5f27540be6553f96496649c9,0.006955566,0.0020594485
02691156/e431f79ac9f0266bca677733d59db4df,0.006864639,0.0021591329
02691156/d0456644386d9149ce593c35f70d3f,0.0043110363,0.0013511572
02691156/4bfa5d948d9ca7ab7c5f0032facde6fe,0.005541752,0.0021643254
02691156/ac0234f2b9f195e3cc1281a5f11b5a5b,0.0032087015,0.0012085488
02691156/fbc7afa847c30a4c183bb3a05fac486f,0.008569708,0.002335942
02691156/4ee6a3030995dcd4bc0909d98a1ff2b4,0.0032264185,0.0006851517
02691156/1169d987dbbce76775f4ea0b85a53249,0.003347071,0.0008816684
02691156/cf17d0ce34f09f572722fc1bdd7e0e51,0.003814369,0.0011977896
02691156/6e25548ed9d2c7b597dec65c2238cb8a,0.010056958,0.002248818
02691156/a55a46c1442470aeace5721ccacba16,0.0036394408,0.0011674094
02691156/ab7001e6d0321374b378822897b79a81,0.0052873148,0.0016820014
02691156/c1b9934ddbf4f29e77fd7318510b8627,0.003754785,0.001220928
02691156/1d63eb2b1f78aa88acf77e718d93f3e1,0.0038146535,0.0017286823
02691156/4b10780b9e0f93f1d32761b337f8b72a,0.0030675577,0.0011963219
02691156/6a59f581ea7f33a5700feb5468ed9746,0.0042793993,0.00054340746
02691156/4a9f55420d17c815d37636af9c7bcc34,0.0035177842,0.0010358244
02691156/8c3419a655600e5766cf1b4a8fc3914e,0.00400959,0.0019984383
02691156/6946f7a2a5ef851215ea536736a1eb7e,0.004049653,0.0013264015
02691156/2818edd47cbd2aa1afe30fe053f7a977,0.004663502,0.00065399066
02691156/c9764fd84080da3f4fb6842b3610149,0.0044817496,0.0008943914
02691156/a85dbb5bb889881419bf80b167cee3a3,0.004397029,0.001364621
02691156/fa27e66018f82cf6e549ab640f51dca9,0.007122787,0.0012308776
02691156/39fce052e13f97a57a10aa3eec436422,0.0077560865,0.0024890972
02691156/bb9ba5deec9e2a5fca8607f540cc62ba,0.003590485,0.001373813
02691156/13370c42b8ea45cf5e8172e6d9ae84ff,0.007225007,0.0020975673
02691156/6f473d567942897b9908db9f2ff495fe,0.0075986004,0.0015982732
02691156/c9063c31d7b42fa564ed556128c71bda,0.0028299738,0.0010918165
02691156/6d119be1286c7b129a6e43b878d5b335,0.0044097006,0.0014963385
02691156/d629589ee52d48ee4d210d9468aedaf2,0.0036289694,0.0011973971
02691156/914c308ac4a9156842c20743f866e1a6,0.00522821,0.0018920876
02691156/e18b6350437cfe0d727249e8d9a90100,0.0033986121,0.0008743937
02691156/618b433a97bc23acb1f09c4591ed2db9,0.0065590106,0.0016204523
02691156/2026699e25ba56c5fd6b49391fda17,0.005309706,0.0009598419
02691156/f79fce6480d9276facf77e718d93f3e1,0.003885135,0.001041507
02691156/ec879d7360572a5db65bd29086fc2a67,0.0047681676,0.0016226664
02691156/a95734cb8f7511cb46ed10e8f7fe336e,0.0037287627,0.0010056772
02691156/ccfe789ebc77be87e71a4f02883f26bc,0.0030191832,0.0006979739
02691156/137acaae47b50659348e240586a3f6f8,0.0035181723,0.0014414854
02691156/1de58c7eec71b438bbb26c14135f164e,0.004599907,0.0019884298
02691156/c00b97813a9cbd72ec85c5551a78ef2b,0.00964045,0.0010317247
02691156/deb9d02cd1eda25270c4138179d9ed97,0.00340119,0.0010090771
02691156/25a057e935aeb4b6842007370970c479,0.006767193,0.0025108196
02691156/2c16ac865f06542381598514fe928082,0.00565078,0.0015072575
02691156/2d7aff5577ae7af0d8ff6111270336a9,0.0032118894,0.0007963352
02691156/854c2f430e7aa00f4d210d9468aedaf2,0.0038515185,0.0012295928
02691156/79d82d0db21dff48aedf20f7099e25c5,0.0049991747,0.0020227148
02691156/26830050c44b5a8f9cf081e9d8a0b57f,0.005084667,0.001547777
02691156/3112ef52e6da5d6142320ab3b0c39c62,0.0076212343,0.0015873103
02691156/72985b83dd9c31955dcafa83e2819ac7,0.006427118,0.0032056672
02691156/52712e1c07ea494419ba010ddb4974fe,0.0036249708,0.0009494756
02691156/b9ee9a1ed9296e8c598bfdaf1b614b1,0.006556172,0.0019982685
02691156/6481eb70eb9a58cfb2bb87688c5d2f58,0.0065876455,0.0026223187
02691156/3360b510b0408682bbf3143b1cb6076a,0.0030615618,0.0007619114
02691156/d18f2aeae4146464bd46d022fd7d80aa,0.0030879383,0.0013099312
02691156/2f4f38d774e0e941dcc75fd1795fa3a5,0.0032602553,0.0008340158
02691156/45a4b43dc4c77dea6818e4a1f2613507,0.003587642,0.0008677519
02691156/a2de53a5de7ea01dd01b5600c06c528d,0.0030105067,0.00071924244
02691156/b8ed32beb17c3cacafd477f714c68df9,0.0030750688,0.0009528806
02691156/29925f23c2050efa7def3dd22d9ef72,0.0049736183,0.002028506
02691156/e7fed0e0dbd871ce35ae6d8873b772f2,0.005462335,0.0019571846
02691156/133b74393a3349aa70c4138179d9ed97,0.0038000848,0.0009241979
02691156/ffccda82ecc0d0f71740529c616cd4c7,0.0038149199,0.0009203362
02691156/afc2efb530e899634d4cb1c2a5e48b7a,0.003973792,0.001710289
02691156/ad85ce4dde9fde14a13757cba42c461a,0.0038444214,0.0011067431
02691156/c47a2cb459ab849c493ab0b98cb45d3,0.0035959189,0.0010950166
02691156/62aecdd1266b27935fc197bbabcd5bd,0.0035441073,0.00095220184
02691156/ed4aaf81dc577bedac4f72bf08dc79a6,0.006153942,0.0015224232
02691156/e777a6a46ae240a7bd46d022fd7d80aa,0.0032277978,0.0007414855
02691156/3ad337dcef167024fe6302fece358e4a,0.0073436364,0.003150378
02691156/89b42bde2332e5c067c5e3041553656b,0.0038708441,0.0008410429
02691156/e2116e0b34db656dfca1f1143bb6bc17,0.003289959,0.0012241844
02691156/d696c3119cae40323ada73811bb576de,0.0036324358,0.0011259837
02691156/8f40518bd30467151e5ae32cb9e3711f,0.0054641976,0.0017163765
02691156/4e2322d4f1c0d29df96e777471c18dbe,0.009058166,0.002911537
02691156/c510e14ac20edee814a46d7ec44fc258,0.007910814,0.0029693013
02691156/d5f4e2228e3fadd2aa6a832b9db7452f,0.0065724547,0.0024938309
02691156/262795bc8a994b11ba0d990ae229b477,0.005126328,0.016950978
02691156/b1f08c51a098c43696d224195a988f09,0.0035411376,0.0008835704
02691156/48996e27f430ce286f67a5681eaf4d9f,0.0041078413,0.0020516026
02691156/2a05d684eeb9c1cfae2ca9bb680dd18b,0.0030308538,0.0008047092
02691156/9ba460913d86466f62347b4731688b0f,0.003446147,0.000999156
02691156/e413c15ded9ba57a23fc69eefd95e6d3,0.0039902404,0.0010333634
02691156/604392af2cbb7d1fe30ec10233e7931a,0.005948791,0.0017633426
02691156/ed35478403ae873943cf31d2bcc8f4,0.004397078,0.0016563782
02691156/6ca6c7920c62773073d96deff5ddb8e5,0.0041350015,0.0021537726
02691156/b6dc4ddde769573df551b6c3f174499e,0.019682985,0.004259891
02691156/5d022668941c6559b0ed23034a67f7f,0.0032946155,0.0013294333
02691156/3c6c4be95d2dad2937b25178f54477f4,0.0040450087,0.0014040639
02691156/2b99e54070c8b6d466cf1b4a8fc3914e,0.003770148,0.0011903277
04530566/176c629c93b5a1f73cf0b8b75857cc24,0.00663344,0.0014300165
04530566/8ff4c7162259b1d5cf816caaec167fbf,0.0053042793,0.0019537217
04530566/93304640e3a2a60d611cd70ef25f5235,0.011501588,0.003954933
04530566/2ceb5d34a15b73393302308333adc4be,0.008147191,0.0035029072
04530566/263eeac4bcfca21285f7a3de54751f1b,0.010041673,0.003378685
04530566/8f9e62cf323515c4ca380c8375c4cdb6,0.00908897,0.004236755
04530566/41d1856d2e24a738b4624ce09086ad45,0.0077895476,0.0028004018
04530566/5456c7546e3f3c3d9c5408f4f799fe72,0.008327836,0.004609313
04530566/283dc6c755398547657a96a9bceb8713,0.0073463502,0.0015932451
04530566/587793fcbae6a6fbf5abe4b4be4c3d4b,0.0052766595,0.001615948
04530566/48cfd8b4bc4919e6cbc6ff5546f4ec42,0.0056035784,0.0020305812
04530566/de0964254f4599e8666f23db664db86,0.0065591033,0.0022310852
04530566/19640fee71ffa82816581cd5751ca97f,0.0046389066,0.0017788158
04530566/1e8c9dd30d54392856d301bf1319ad4,0.0040705022,0.0015628196
04530566/76dab7acad83682765aae3dfe86a49ae,0.009014064,0.0038851888
04530566/2362039302d80f99f2c9de96bdb467eb,0.00747648,0.0035298138
04530566/2d702653fd65092cd3ac8c766eb7aca3,0.008105462,0.0034718947
04530566/83122dd93e3f42c08099d0cb75c1d1e1,0.005923029,0.0013421332
04530566/28db3989d5ef36e9c3691cf0253958f4,0.007643813,0.0020493974
04530566/cfb1882ac34b81d8a357368f9af15b34,0.0077699795,0.0036400931
04530566/767cd95abc076d3af9d742d7f0246fb0,0.004592064,0.0016189865
04530566/8676b1989d68f3e970c565b5a7d76650,0.0065897917,0.0016679371
04530566/67b312f1ecd5e4a9810b5070d24f8934,0.005715913,0.0020294818
04530566/7e7ec66ebdd4df7ed1745f739fc0fa03,0.010547078,0.0023568005
04530566/4f245403e6366d48fb3294f1e40c8a29,0.007759017,0.0032498923
04530566/3f6340ffdc0de35caba19ce79eba1cbe,0.008119085,0.0046046036
04530566/f678356e3e61872a28730ed49126392b,0.014554219,0.006254584
04530566/b10850ed8a61d4dd148bc340784a8c1,0.00528214,0.0020496568
04530566/78c2790d999b0f9c1403af6fa4ab17f0,0.0053624483,0.0020897076
04530566/da4003977c998e81f74f6fb7142d37cb,0.008881312,0.003638996
04530566/6b72a64f1a6a745ec99bbfcf5650bf52,0.007767848,0.0023628108
04530566/bb248dedd82b2f28deed0e4a55ad5dd6,0.0082089575,0.0016666627
04530566/22a66588db3822831d20b5ad5ef1cb1b,0.0072337347,0.0026902508
04530566/a53eb39c51a7e0a2dcb7d7c06abe0da3,0.006632291,0.0017099741
04530566/1994120ab63fd4fa3df8f4ac45647158,0.008055676,0.0028829603
04530566/e88c7403ff401716b7002bddf0942f8e,0.006244907,0.002784332
04530566/d9ca42c1199196a8f8785957fc1b208,0.008064756,0.0030336685
04530566/9c92fb3f3a4fbe8cac932f3ba44b77b,0.00685627,0.001974039
04530566/296f0b6a15012e33d87f29c9afcc633e,0.007474594,0.0034931845
04530566/43f7e9f8ad44e8236557d610dab4f1b2,0.006503497,0.002293529
04530566/7d3eb0d2de5c5b8672a78a0929ee12bc,0.0075231595,0.0033978526
04530566/37aeaa30913d6ac73e7331a68f273ff6,0.0089304615,0.0037234223
04530566/390de3a1bd0191c881d9d9b1473043a2,0.008140119,0.001610247
04530566/f582d2315b6182ec6f6b59ea659e8324,0.012813175,0.0033863748
04530566/cdd493581ed137c5a6dae8586082d789,0.0055560293,0.0021710463
04530566/c9d1159874c934f16f1b09a7281511b8,0.004457093,0.0019506613
04530566/544ed8713bb6b697846f1b9d68a7eecd,0.0068778326,0.0032093318
04530566/63c241d90e86ddb5a70cfb3232f40c6,0.009758795,0.0038923328
04530566/6834c4f307753dd1427c8de062c1497a,0.0046806936,0.0012667079
04530566/501154d9504b62b9da27170f98feb295,0.010009326,0.0063600284
04530566/c8bce97e59665f2811b9a587ace886f7,0.008498032,0.0014535158
04530566/f5812d814e114a185c8b6bf3197caaf6,0.0068418714,0.001322805
04530566/5702b12bfba4b9eb9223657c918f0a45,0.0055352766,0.0019315743
04530566/c8f5f746daa5bd96b34ff70ac6c9e4d5,0.0061799623,0.0024883102
04530566/f36e77f80e2944ae73fb6350806be955,0.0071305158,0.0034082094
04530566/fd52c80ae21d19251e0d0f6bac6856eb,0.007444449,0.0033642643
04530566/13b7b299d346020a4de203ef6842ee61,0.009818377,0.0039330106
04530566/cb79681fc1caae04a63e14ddd32fec78,0.0056746807,0.0029743102
04530566/291e48a99be418846c03c11657c96c60,0.006580756,0.0012065193
04530566/54da496566d05afb568b456e2715b08f,0.0057135522,0.001254921
04530566/758c75266d7788c0f5678db9e73ab77e,0.0071549746,0.0026548503
04530566/b7f288e9187a72ea5d3426ee101e9f8e,0.0067616594,0.0028351157
04530566/af09fac5d37072a3b830672ec83e0072,0.0072267335,0.002681192
04530566/577acbe57ebdcbbdeeb8eb76c515e836,0.005736802,0.0017151644
04530566/c6e127fca727e2be3d312efac35b8a09,0.006621111,0.0011607753
04530566/a5a16ec8ebc811f1aff407511d7dfc96,0.009367317,0.0037997558
04530566/86e404c548d965c6d28357d0413f2f80,0.0100103095,0.0026161522
04530566/128ab8b74fa037597fe03c0a35dc1886,0.004483455,0.0013083415
04530566/a473fe0a7f11c7ae9041531b90641b86,0.0050141905,0.0028178063
04530566/5fd55e301007884c742bc8027e4951ae,0.0059148436,0.0025740769
04530566/47133569866031669268271e4d570275,0.0037520556,0.0018522763
04530566/2b58ca08b8f93769c5408f4f799fe72,0.004256633,0.0009773072
04530566/54b6788d413eb45bf6b4f9d652536b82,0.0095423125,0.0025230139
04530566/fd488ccadbc89bc7ece8bb633fd3452d,0.010532433,0.004092613
04530566/409ff4fbba1ba94adab1bb7802748e9e,0.00589808,0.0021057536
04530566/2e620c48f90f6fb2f569f587daa38158,0.004669415,0.001326064
04530566/f03f7c963928073227ac692756be9e24,0.0042973827,0.0013522884
04530566/c2d71194be5909a75f71e6fef75fd750,0.007329315,0.002247958
04530566/8682988328acbc62b8acbfab1478caa1,0.007862322,0.003402534
04530566/5adf37321156a7bcbfe1cbc47170312,0.0044481196,0.0027835674
04530566/c7fb35a9ca583715ef0445a3d98d3d35,0.007577837,0.003166332
04530566/5b45a9913b90c67f8e2d64007fd7ea91,0.0077346126,0.001942357
04530566/925c05dbefada808cfe472915a175bb,0.009151302,0.0048246076
04530566/3750fdd9ef7f941d2173755309fd0db7,0.0069928914,0.005615781
04530566/f8cf09473d99d5ebfb7214357e073eb7,0.009780437,0.0041359146
04530566/8fdc3288bd73ef58a127697b1776e4b1,0.0061718673,0.002562913
04530566/528689641a6562e7bd7a55708242b1bb,0.00880496,0.0032905086
04530566/ca586d3aa941479ed95226c21abfd72,0.009268674,0.018764226
04530566/1d5ff455b6ebd04e413559acd5524c40,0.005626901,0.002041871
04530566/438a1ce3825bc06a18803813f0c0dee8,0.0068707773,0.0030666778
04530566/370ab590d5f9f6e12998de2923cbf8ed,0.007662567,0.0032373206
04530566/a8976b06101853deb4d272023dce0149,0.007330463,0.002947896
04530566/66a90b7b92ff2549f2635cfccf45023,0.008356252,0.0039230078
04530566/8b92073eb06f0365e18960ef54b079a3,0.0075421426,0.004871381
04530566/1a2f00c6886f14354d85fb76de815344,0.0054547237,0.0018441973
04530566/5c54100c798dd681bfeb646a8eadb57,0.0057250587,0.0033555047
04530566/c172ec6226c1374c43a8324aee7340e,0.0043837135,0.0011708282
04530566/5c0e6663c131610a2c3770cecdd58208,0.0031785693,0.00061537256
04530566/a85ef79371cb1edb52fd6b83c5929135,0.008495994,0.0037732897
04530566/294644520ccc2ce27795dd28016933fc,0.004060201,0.0015034459
04530566/44c07d26323910f4fdef75f370a46dd5,0.005922373,0.0032922414
04530566/5aaec5938224841f36cf5f476d32636f,0.0072469534,0.0019584424
04530566/b33a673da4745b08b5ee11a06ae8ae58,0.0047749947,0.0018078019
04530566/ace32fcd2b6c3fd081e9f45621d2c8eb,0.011169482,0.0024507002
04530566/efdfd88f3fcbc162b4c316c21a905ad4,0.019826945,0.0020158133
04530566/a88fa5daf540c14a4f6190a680acb783,0.0060997936,0.002247768
04530566/9902e521bbd9ff3348d84ab7c5cd4c19,0.0073039522,0.00096512935
04530566/63d91bce2f3d26abdeb3e56da26a6974,0.008106943,0.002365238
04530566/b71deabf89e42df5cb167b89a3c3ef9a,0.007324542,0.0009651072
04530566/9c41a1bc835ab6d81194cbd9c0740031,0.0066489717,0.0021590989
04530566/5bcfb42ffc3490c4af802a9d0ab09410,0.016391097,0.006803138
04530566/787e381b4a968a55af5574caf3b1433d,0.005070751,0.0016169139
04530566/4c6e4bc79308e23e480060a68009533d,0.0077950214,0.0016249091
04530566/ed397dd3d2ca4c8a69852296a4bb593c,0.0072699646,0.0021832515
04530566/f4f66aef4ae1ca243146aa85e47ab8e1,0.008944421,0.0023211983
04530566/f81ae8a4452ad290aa9bbcb26e1c5ea7,0.0044099437,0.0016554098
04530566/22bfa8eb9cdce735d90cecb09ba6f1b8,0.0058262474,0.0027145208
04530566/8411cba605709e46c26de8baaf779d69,0.009916119,0.003271292
04530566/a88f4ec8440e412c92336765b86c93d9,0.005414893,0.0017278196
04530566/d25531bd6b7b8274ceb0dd441125df3e,0.0056701284,0.0018718147
04530566/1660bbd9c43284d98bfe41fc81907f54,0.0070105237,0.0018199959
04530566/203d75b8112369d66a4afad911312b2b,0.005652181,0.002982178
04530566/7b7847ccb4f15fa9b1bb46d2556ba67d,0.006010437,0.0024155315
04530566/159d09a7bd7d09a59f1deb04fb8ae481,0.012220252,0.0026248717
04530566/2ee1a459db90488826fea6918e74b120,0.006905883,0.0029953881
04530566/a36f6174628ee5807789fc10abcbc749,0.0050062127,0.0026182837
04530566/d3f6fc016f72c08f1346991b5a9f4d21,0.005013191,0.0016387844
04530566/a49537b465965537fe3128d27fad4d2,0.004508049,0.0012727127
04530566/341905f73563a75717e4d86bbbb01f9f,0.0077024014,0.0031991655
04530566/9bdb0cf464f5c65956b5365bdce185d,0.005161112,0.0018052643
04530566/5c6c725a75645a305de2c7f7608a946f,0.005056778,0.0025547987
04530566/99f00898c6b373d5eb2c303a0e0d287b,0.0064179543,0.0025922167
04530566/4214845c44563c5fb1bb46d2556ba67d,0.007601401,0.0018096202
04530566/724b7c80ebd318cd5a7da3f7c33cd566,0.0092462655,0.0021257796
04530566/707f009ba421780c2af11d59b11e0199,0.011847904,0.004857871
04530566/1a2b1863733c2ca65e26ee427f1e5a4c,0.0071101435,0.0011849665
04530566/77aacd8997c67145cf10e9e4657f415e,0.010049777,0.0016355894
04530566/a7f5b96f138649c6bc30e923e47d8bd4,0.004129165,0.0021071045
04530566/b04e4650e547e0509803291b0f4bf532,0.008726838,0.0064574
04530566/e3206eef4da407e7c08fee43ebed0bfa,0.010411648,0.0029198471
04530566/9a7b0effb53375625f647c1b0a6369bc,0.005405944,0.0018056514
04530566/223d2316bb8b74a979170a5f8beda902,0.0064869095,0.0028583196
04530566/cc03dbbf18adc483bcf964ea747b39ec,0.006785818,0.0027208927
04530566/850d6a53ae03a9aab2640ff8dd6f4f82,0.0081908535,0.0048431344
04530566/94aeb294adb9be58b05dfc874f00d5f3,0.0058136773,0.0026051514
04530566/83ca38043fa57a7de8e8428fe69dbbc6,0.0053910585,0.0019448486
04530566/12900e06f0f4ec9e49f471d054f6b528,0.0072938614,0.0026372964
04530566/3c3161464bb86b2d3ece64552d44d319,0.0072643515,0.003293585
04530566/425ff664205d2a7f5c0be177939e290,0.008914184,0.002556493
04530566/6db27ae2c9cf722d1743d8ffcf66c439,0.0071797417,0.0027752176
